 (9.405630351678835429e-17+2.433805238329987073e-12j), (1.557055305236665118e-20-3.786237256892519782e-16j), (-6.373576120036971488e-21+1.048386656998103757e-17j), (1.557055305236665118e-20-3.786237256892519782e-16j), (9.389753332102055343e-17+2.444892054230061973e-12j), (1.081730836831766108e-19+8.331059885947198059e-16j), (-6.373576120036971488e-21+1.048386656998103757e-17j), (1.081730836831766108e-19+8.331059885947198059e-16j), (7.097638395093852103e-17+3.213356217066754086e-12j)
 (-4.773220188502792736e-16+9.324362584890649007e-12j), (6.909731959991445792e-20-1.450578239839554485e-15j), (-9.920763642482639666e-20+4.016546338013926562e-17j), (6.909731959991445792e-20-1.450578239839554485e-15j), (-4.797512625682107566e-16+9.366838248100981833e-12j), (1.434499320133520403e-18+3.191784846840929870e-15j), (-9.920763642482639666e-20+4.016546338013926562e-17j), (1.434499320133520403e-18+3.191784846840929870e-15j), (-8.161500405449229778e-16+1.231096799477421908e-11j)
 (-8.864182563132556336e-15+3.572337314899553544e-11j), (1.031133381512805903e-18-5.557436172547637865e-15j), (-1.469041350200405490e-18+1.538804141676581634e-16j), (1.031133381512805903e-18-5.557436172547637865e-15j), (-8.899560233942074176e-15+3.588610534451063618e-11j), (2.103798693308355509e-17+1.222833557342764188e-14j), (-1.469041350200405490e-18+1.538804141676581634e-16j), (2.103798693308355509e-17+1.222833557342764188e-14j), (-1.383699263449421272e-14+4.716561474215676443e-11j)
 (-1.319663713265285577e-13+1.368627955955701678e-10j), (1.514940439996266484e-17-2.129156998193088673e-14j), (-2.168505390578163319e-17+5.894946936462124136e-16j), (1.514940439996266484e-17-2.129156998193088673e-14j), (-1.324854611395894314e-13+1.374862526529221594e-10j), (3.086909549989878604e-16+4.684968392276386938e-14j), (-2.168505390578163319e-17+5.894946936462124136e-16j), (3.086909549989878604e-16+4.684968392276386938e-14j), (-2.049561214250928853e-13+1.807000613707268505e-10j)
 (-1.938833365470986435e-12+5.243400915123328235e-10j), (2.222885604390290707e-16-8.157160401670047696e-14j), (-3.182163304016741600e-16+2.255656881290960443e-15j), (2.222885604390290707e-16-8.157160401670047696e-14j), (-1.946452337333475161e-12+5.267286500463866175e-10j), (4.530627835435371956e-15+1.795262019253655371e-13j), (-3.182163304016741600e-16+2.255656881290960443e-15j), (4.530627835435371956e-15+1.795262019253655371e-13j), (-3.010144090925930341e-12+6.922832387449894470e-10j)
 (-2.845441929832332533e-11+2.008459675631607622e-09j), (3.262747823539386182e-15-3.124946857362260081e-13j), (-4.666840502125605262e-15+8.483829393131481731e-15j), (3.262747823539386182e-15-3.124946857362260081e-13j), (-2.856623578307198106e-11+2.017609455702350555e-09j), (6.645185669687229314e-14+6.898391309139155884e-13j), (-4.666840502125605262e-15+8.483829393131481731e-15j), (6.645185669687229314e-14+6.898391309139155884e-13j), (-4.417275673551158041e-11+2.651565961672461147e-09j)
 (-4.164484326627906344e-10+7.673190885384226390e-09j), (4.788996458291200907e-14-1.196019045358580979e-12j), (-6.764927146963403264e-14+2.368302393632957979e-14j), (4.788996458291200907e-14-1.196019045358580979e-12j), (-4.180865840642240538e-10+7.708176145660960573e-09j), (9.649725865363866448e-13+2.756824519624862187e-12j), (-6.764927146963403264e-14+2.368302393632957979e-14j), (9.649725865363866448e-13+2.756824519624862187e-12j), (-6.458025524712314132e-10+1.011942122079939835e-08j)
 (-5.863948433030034587e-09+2.823622591591297941e-08j), (7.018039965479210359e-13-4.511850659501647170e-12j), (-8.255880754726177195e-13-3.516965097205171994e-13j), (7.018039965479210359e-13-4.511850659501647170e-12j), (-5.887347235995263020e-09+2.836647631515032443e-08j), (1.210774142698895081e-11+1.632986722419706630e-11j), (-8.255880754726177195e-13-3.516965097205171994e-13j), (1.210774142698895081e-11+1.632986722419706630e-11j), (-8.958765111717437472e-09+3.669365937703002637e-08j)
 (-5.398429150816021695e-08+6.902075484149868621e-08j), (8.829439725083679973e-12-1.312934161976529695e-11j), (1.229968327459983141e-12-7.550461996005151490e-12j), (8.829439725083679973e-12-1.312934161976529695e-11j), (-5.422949796843528612e-08+6.937001460557669269e-08j), (4.236869993484053452e-12+1.587368801777528366e-10j), (1.229968327459983141e-12-7.550461996005151490e-12j), (4.236869993484053452e-12+1.587368801777528366e-10j), (-7.298573933264035555e-08+7.957039819064880426e-08j)
 (-1.262378588507692985e-07+5.008946080310405220e-08j), (2.632983528307743213e-11-2.267039593076637792e-12j), (1.215840926248692553e-11+7.527549265951783244e-12j), (2.632983528307743213e-11-2.267039593076637792e-12j), (-1.268780001910157297e-07+5.030898914666185942e-08j), (-2.801922340555439125e-10+2.066969118250973337e-10j), (1.215840926248692553e-11+7.527549265951783244e-12j), (-2.801922340555439125e-10+2.066969118250973337e-10j), (-1.468058046883013038e-07+5.055349823455303431e-08j)
 (-1.539301898484319016e-07+2.752839664391795101e-08j), (1.247415833188563446e-11+5.211746278557743954e-12j), (-7.726703320485755193e-12+6.623521634834407012e-12j), (1.247415833188563446e-11+5.211746278557743954e-12j), (-1.546348574209779345e-07+2.763139028820560692e-08j), (-4.077975889989683514e-10+1.168137868560821575e-10j), (-7.726703320485755193e-12+6.623521634834407012e-12j), (-4.077975889989683514e-10+1.168137868560821575e-10j), (-1.734125671417296920e-07+2.663065983804650261e-08j)
 (-1.692173263566290517e-07+1.571820804782596074e-08j), (1.287287193164555224e-11+8.404053143711377237e-14j), (-2.876809566298473035e-12-1.840918980617716360e-12j), (1.287287193164555224e-11+8.404053143711377237e-14j), (-1.699878460343156841e-07+1.578783812874144438e-08j), (-4.820136613016029614e-10+7.957126234288546125e-11j), (-2.876809566298473035e-12-1.840918980617716360e-12j), (-4.820136613016029614e-10+7.957126234288546125e-11j), (-1.871388437945684994e-07+1.450353159209917937e-08j)
 (-1.778679034199579100e-07+8.415869889161393480e-09j), (1.373624176809468035e-11-1.713990666912502716e-13j), (-3.971929265145666505e-12+2.918409634904086785e-13j), (1.373624176809468035e-11-1.713990666912502716e-13j), (-1.786812894693303680e-07+8.454354529824008211e-09j), (-5.314717075245618177e-10+4.418840460156261005e-11j), (-3.971929265145666505e-12+2.918409634904086785e-13j), (-5.314717075245618177e-10+4.418840460156261005e-11j), (-1.948815451769865565e-07+7.694739912826188352e-09j)
