 (1.326128855237513396e-18+7.337027051672317065e-12j), (1.038930858130630996e-18-1.944395954604585581e-14j), (3.412139733753239769e-19-3.269414115480787212e-17j), (1.038930858130630996e-18-1.944395954604585581e-14j), (-1.575261214619710247e-17+7.752140703401519074e-12j), (3.230364053255973535e-18+5.906399139022699598e-16j), (3.412139733753239769e-19-3.269414115480787212e-17j), (3.230364053255973535e-18+5.906399139022699598e-16j), (-5.156920876138121210e-14+1.222327270162784073e-09j)
 (-6.151292481805755820e-16+4.125913389680237415e-11j), (1.154880496724558425e-18-1.093378094919303546e-13j), (2.525729574531312851e-19-1.862273912719145285e-16j), (1.154880496724558425e-18-1.093378094919303546e-13j), (-6.258661685764747115e-16+4.359337737662967211e-11j), (2.964572264556331507e-18+3.355923608119477136e-15j), (2.525729574531312851e-19-1.862273912719145285e-16j), (2.964572264556331507e-18+3.355923608119477136e-15j), (-1.636027095087658069e-12+6.873636761706749775e-09j)
 (-2.010883084468509033e-14+2.320171583683066830e-10j), (4.436656194139243818e-19-6.148510426638647483e-13j), (-3.236937158250907267e-18-1.047662768283444826e-15j), (4.436656194139243818e-19-6.148510426638647483e-13j), (-1.988070727128897669e-14+2.451435542343689758e-10j), (-4.123545780278206464e-18+1.887787475713594420e-14j), (-3.236937158250907267e-18-1.047662768283444826e-15j), (-4.123545780278206464e-18+1.887787475713594420e-14j), (-5.173977431153300066e-11+3.865322607602689935e-08j)
 (-6.365529282365601516e-13+1.304728055884100794e-09j), (-1.996691128574594919e-17-3.457562010210606415e-12j), (-1.146446099382021734e-16-5.892520482136927618e-15j), (-1.996691128574594919e-17-3.457562010210606415e-12j), (-6.287499279750466353e-13+1.378543223498608533e-09j), (-2.276227534391301181e-16+1.061566230760121452e-13j), (-1.146446099382021734e-16-5.892520482136927618e-15j), (-2.276227534391301181e-16+1.061566230760121452e-13j), (-1.636048498097463796e-09+2.173503599514891589e-07j)
 (-2.013006489825267260e-11+7.336970428473699362e-09j), (-6.655974176516519810e-16-1.944342507775403652e-11j), (-3.628326851647093556e-15-3.330446709355043212e-14j), (-6.655974176516519810e-16-1.944342507775403652e-11j), (-1.988277694638710013e-11+7.752067612174491147e-09j), (-7.293030326548454324e-15+5.965512943312995167e-13j), (-3.628326851647093556e-15-3.330446709355043212e-14j), (-7.293030326548454324e-15+5.965512943312995167e-13j), (-5.163185784580582096e-08+1.219996802219256184e-06j)
 (-6.364153526195505401e-10+4.124910773039091074e-08j), (-2.041325635651365031e-14-1.093605645802821279e-10j), (-1.079492481445541979e-13-2.139334024454362895e-13j), (-2.041325635651365031e-14-1.093605645802821279e-10j), (-6.286144655846471212e-10+4.358408017563862847e-08j), (-2.142639897152330917e-13+3.286692143722132565e-12j), (-1.079492481445541979e-13-2.139334024454362895e-13j), (-2.142639897152330917e-13+3.286692143722132565e-12j), (-1.535126943633075956e-06+6.485489825509103047e-06j)
 (-1.997265498990405097e-08+2.302478581917766229e-07j), (5.545650382803159271e-15-6.188583212314324976e-10j), (-1.069774718806376814e-12-2.287149382740809937e-12j), (5.545650382803159271e-15-6.188583212314324976e-10j), (-1.974550179746333181e-08+2.435020889974643382e-07j), (-1.084671356384361351e-12+1.426826637725937889e-11j), (-1.069774718806376814e-12-2.287149382740809937e-12j), (-1.084671356384361351e-12+1.426826637725937889e-11j), (-1.766143884256760364e-05+1.474331617253940895e-05j)
 (-5.097368917347033110e-07+1.051252925010231327e-06j), (4.330856590515386340e-10-3.839042276844062186e-09j), (-4.938327057685964438e-11-2.564404811031077613e-11j), (4.330856590515386340e-10-3.839042276844062186e-09j), (-5.156509487015513720e-07+1.137983132908570270e-06j), (4.649329192211487036e-11+1.244002075683879828e-10j), (-4.938327057685964438e-11-2.564404811031077613e-11j), (4.649329192211487036e-11+1.244002075683879828e-10j), (-3.141371980651698877e-05+7.033899081250172936e-06j)
 (-2.331737238557422886e-06+9.616977683154289207e-07j), (1.089328415123022346e-08-7.916684390051446827e-09j), (5.159996836567374944e-10-1.866101897225162234e-10j), (1.089328415123022346e-08-7.916684390051446827e-09j), (-2.582369122296880019e-06+1.145133444508392812e-06j), (-4.035107809841840897e-10+6.902243531355915441e-10j), (5.159996836567374944e-10-1.866101897225162234e-10j), (-4.035107809841840897e-10+6.902243531355915441e-10j), (-3.516346089174277528e-05+2.899229717869251290e-06j)
 (-2.910979539300098856e-06+3.996621327267804983e-07j), (1.728349282571518068e-08-4.428065912330453340e-09j), (-1.852210228292539568e-10+3.857181614358580134e-10j), (1.728349282571518068e-08-4.428065912330453340e-09j), (-3.313394935479843589e-06+5.021805117385414353e-07j), (-2.075495977747938329e-09-1.233950321439394657e-10j), (-1.852210228292539568e-10+3.857181614358580134e-10j), (-2.075495977747938329e-09-1.233950321439394657e-10j), (-3.694297190457921629e-05+1.239388252113289698e-06j)
 (-3.124204742409706587e-06+1.605202271530887515e-07j), (2.087011842187690123e-08-2.090508471266364776e-09j), (-1.760282710872245175e-10-3.044756628423252506e-11j), (2.087011842187690123e-08-2.090508471266364776e-09j), (-3.598582435069999722e-06+2.059512033559311432e-07j), (6.079396153610638338e-10-4.851511317762014067e-10j), (-1.760282710872245175e-10-3.044756628423252506e-11j), (6.079396153610638338e-10-4.851511317762014067e-10j), (-3.764694392913616724e-05+5.549540198688835884e-07j)
 (-3.228734446344759259e-06+7.184051128518981349e-08j), (2.216757086402818916e-08-1.015329604732227208e-09j), (-1.979839981650418597e-10+5.262884422675338960e-12j), (2.216757086402818916e-08-1.015329604732227208e-09j), (-3.733354692178585127e-06+9.403619741745204433e-08j), (1.140635404595266762e-10-5.924916275303654642e-11j), (-1.979839981650418597e-10+5.262884422675338960e-12j), (1.140635404595266762e-10-5.924916275303654642e-11j), (-3.802540638986613139e-05+2.572266608794342755e-07j)
 (-3.270127523901300901e-06+3.035315224070660955e-08j), (2.281077935245634249e-08-4.584720073729933122e-10j), (-1.954514392131760935e-10-1.333834332399543821e-12j), (2.281077935245634249e-08-4.584720073729933122e-10j), (-3.788601247743725845e-06+4.027016181834426987e-08j), (1.346568060678574592e-10-7.088590863279533195e-12j), (-1.954514392131760935e-10-1.333834332399543821e-12j), (1.346568060678574592e-10-7.088590863279533195e-12j), (-3.818018715596850854e-05+1.124819024371328222e-07j)
