 (1.138932027486488181e-04+2.565239987489406630e-08j), (-9.701172117819841010e-07-8.174764871283930088e-10j), (-3.261010855097234952e-10-5.460364365384308507e-14j), (-9.701172117819841010e-07-8.174764871283930088e-10j), (9.378576668710166084e-05+1.948389259945360069e-08j), (1.054088701923190815e-09-1.390853493323819245e-13j), (-3.261010855097234952e-10-5.460364365384308507e-14j), (1.054088701923190815e-09-1.390853493323819245e-13j), (3.245077364406415165e-05+6.980008158487663953e-08j)
 (1.138931971483513300e-04+2.919966629685117611e-08j), (-9.701170013030380883e-07-9.305188419763944359e-10j), (-3.261011083262938877e-10-6.205042875444201721e-14j), (-9.701170013030380883e-07-9.305188419763944359e-10j), (9.378576250088904568e-05+2.217816678696322529e-08j), (1.054088713068505342e-09-1.582493909055897045e-13j), (-3.261011083262938877e-10-6.205042875444201721e-14j), (1.054088713068505342e-09-1.582493909055897045e-13j), (3.245076645913032428e-05+7.945218910077784895e-08j)
 (1.138931898921327819e-04+3.323745321349579644e-08j), (-9.701167285872222634e-07-1.059192864404139601e-09j), (-3.261011379589735102e-10-7.052691879832980123e-14j), (-9.701167285872222634e-07-1.059192864404139601e-09j), (9.378575707687823650e-05+2.524500891403903171e-08j), (1.054088727526677810e-09-1.800628654602748170e-13j), (-3.261011379589735102e-10-7.052691879832980123e-14j), (1.054088727526677810e-09-1.800628654602748170e-13j), (3.245075714978219820e-05+9.043901100662277220e-08j)
 (1.138931804903665646e-04+3.783358908239377123e-08j), (-9.701163752312017061e-07-1.205660093186034752e-09j), (-3.261011764309090358e-10-8.017554627542164620e-14j), (-9.701163752312017061e-07-1.205660093186034752e-09j), (9.378575004907334410e-05+2.873593730587490627e-08j), (1.054088746279753170e-09-2.048922160896893230e-13j), (-3.261011764309090358e-10-8.017554627542164620e-14j), (1.054088746279753170e-09-2.048922160896893230e-13j), (3.245074508787111048e-05+1.029451134815985015e-07j)
 (1.138931683086546537e-04+4.306528095789412692e-08j), (-9.701159173899367719e-07-1.372380948174751805e-09j), (-3.261012263643359017e-10-9.115843429206285478e-14j), (-9.701159173899367719e-07-1.372380948174751805e-09j), (9.378574094326119759e-05+3.270959377240699446e-08j), (1.054088770600489209e-09-2.331545491453121205e-13j), (-3.261012263643359017e-10-9.115843429206285478e-14j), (1.054088770600489209e-09-2.331545491453121205e-13j), (3.245072945951621771e-05+1.171805844079814877e-07j)
 (1.138931525250237411e-04+4.902041096906881866e-08j), (-9.701153241677234680e-07-1.562156050037125410e-09j), (-3.261012911580227157e-10-1.036601176774776783e-13j), (-9.701153241677234680e-07-1.562156050037125410e-09j), (9.378572914501477641e-05+3.723272838025177034e-08j), (1.054088802138364099e-09-2.653246409021405204e-13j), (-3.261012911580227157e-10-1.036601176774776783e-13j), (1.054088802138364099e-09-2.653246409021405204e-13j), (3.245070921018735201e-05+1.333845623084751311e-07j)
 (1.138931320744670741e-04+5.579901187875540557e-08j), (-9.701145555335151390e-07-1.778173248926958225e-09j), (-3.261013752172067874e-10-1.178906418466207150e-13j), (-9.701145555335151390e-07-1.778173248926958225e-09j), (9.378571385823710046e-05+4.238132026816661784e-08j), (1.054088843031021612e-09-3.019429129432127415e-13j), (-3.261013752172067874e-10-1.178906418466207150e-13j), (1.054088843031021612e-09-3.019429129432127415e-13j), (3.245068297355028933e-05+1.518292531489161416e-07j)
 (1.138931055770915185e-04+6.351494639320569008e-08j), (-9.701135596198752171e-07-2.024061149224359866e-09j), (-3.261014842515368814e-10-1.340890913429937231e-13j), (-9.701135596198752171e-07-2.024061149224359866e-09j), (9.378569405144909549e-05+4.824185325526025973e-08j), (1.054088896048675350e-09-3.436245100963881118e-13j), (-3.261014842515368814e-10-1.340890913429937231e-13j), (1.054088896048675350e-09-3.436245100963881118e-13j), (3.245064897927396234e-05+1.728245024103393748e-07j)
 (1.138930712450246795e-04+7.229781825858562429e-08j), (-9.701122692233500628e-07-2.303950025219767101e-09j), (-3.261016256611375896e-10-1.525276069004002298e-13j), (-9.701122692233500628e-07-2.303950025219767101e-09j), (9.378566838819918220e-05+5.491276755389857961e-08j), (1.054088964781223619e-09-3.910696333928706062e-13j), (-3.261016256611375896e-10-1.525276069004002298e-13j), (1.054088964781223619e-09-3.910696333928706062e-13j), (3.245060493357964477e-05+1.967229991271400726e-07j)
 (1.138930267618058810e-04+8.229514699157321391e-08j), (-9.701105972701880960e-07-2.622541144748738467e-09j), (-3.261018090368715185e-10-1.735159583878349797e-13j), (-9.701105972701880960e-07-2.622541144748738467e-09j), (9.378563513690195874e-05+6.250611180207547878e-08j), (1.054089053880699164e-09-4.450753015113912764e-13j), (-3.261018090368715185e-10-1.735159583878349797e-13j), (1.054089053880699164e-09-4.450753015113912764e-13j), (3.245054786447385605e-05+2.239261991524645244e-07j)
 (1.138929691261315039e-04+9.367484239795974853e-08j), (-9.701084309415810067e-07-2.985185656030554844e-09j), (-3.261020468085961862e-10-1.974067502261344944e-13j), (-9.701084309415810067e-07-2.985185656030554844e-09j), (9.378559205402750543e-05+7.114942291327576065e-08j), (1.054089169375422855e-09-5.065487380015690985e-13j), (-3.261020468085961862e-10-1.974067502261344944e-13j), (1.054089169375422855e-09-5.065487380015690985e-13j), (3.245047392122488487e-05+2.548910669175269768e-07j)
 (1.138928944494263225e-04+1.066280198891725284e-07j), (-9.701056240622318324e-07-3.397974349195315540e-09j), (-3.261023550852147373e-10-2.246013466083839893e-13j), (-9.701056240622318324e-07-3.397974349195315540e-09j), (9.378553623276839133e-05+8.098786494819552812e-08j), (1.054089319077061958e-09-5.765226090334257452e-13j), (-3.261023550852147373e-10-2.246013466083839893e-13j), (1.054089319077061958e-09-5.765226090334257452e-13j), (3.245037811455765198e-05+2.901377485884420068e-07j)
 (1.138927976936071997e-04+1.213722030661640514e-07j), (-9.701019872390212027e-07-3.867839780145425803e-09j), (-3.261027547432882815e-10-2.555566162723459622e-13j), (-9.701019872390212027e-07-3.867839780145425803e-09j), (9.378546390698817945e-05+9.218666238590418241e-08j), (1.054089513108070473e-09-6.561723671109150340e-13j), (-3.261027547432882815e-10-2.555566162723459622e-13j), (1.054089513108070473e-09-6.561723671109150340e-13j), (3.245025398004505995e-05+3.302583050037859590e-07j)
 (1.138926723313868664e-04+1.381549661543310882e-07j), (-9.700972750849760389e-07-4.402672442456277022e-09j), (-3.261032728377783137e-10-2.907926101767604675e-13j), (-9.700972750849760389e-07-4.402672442456277022e-09j), (9.378537019724803004e-05+1.049338678551086644e-07j), (1.054089764585109691e-09-7.468359915584428112e-13j), (-3.261032728377783137e-10-2.907926101767604675e-13j), (1.054089764585109691e-09-7.468359915584428112e-13j), (3.245009314199789457e-05+3.759266503335844738e-07j)
 (1.138925099062686842e-04+1.572580756851959191e-07j), (-9.700911696674813171e-07-5.011452894831710798e-09j), (-3.261039444302832172e-10-3.309013013828488087e-13j), (-9.700911696674813171e-07-5.011452894831710798e-09j), (9.378524878181755892e-05+1.194435096177579497e-07j), (1.054090090504579361e-09-8.500364564235535946e-13j), (-3.261039444302832172e-10-3.309013013828488087e-13j), (1.054090090504579361e-09-8.500364564235535946e-13j), (3.244988474845187016e-05+4.279098622926226729e-07j)
 (1.138922994626631222e-04+1.790021983570628816e-07j), (-9.700832590655963276e-07-5.704401998757913952e-09j), (-3.261048149583702594e-10-3.765565344885433948e-13j), (-9.700832590655963276e-07-5.704401998757913952e-09j), (9.378509147054322754e-05+1.359591699062216088e-07j), (1.054090512890032186e-09-9.675073019867095519e-13j), (-3.261048149583702594e-10-3.765565344885433948e-13j), (1.054090512890032186e-09-9.675073019867095519e-13j), (3.244961473917024042e-05+4.870810522470189967e-07j)
 (1.138920268078759873e-04+2.037522502652176796e-07j), (-9.700730095924799193e-07-6.493151694402545085e-09j), (-3.261059433062393390e-10-4.285253521504545522e-13j), (-9.700730095924799193e-07-6.493151694402545085e-09j), (9.378488765294232862e-05+1.547580516125539399e-07j), (1.054091060278926743e-09-1.101221737333758326e-12j), (-3.261059433062393390e-10-4.285253521504545522e-13j), (1.054091060278926743e-09-1.101221737333758326e-12j), (3.244926489734261418e-05+5.544340089695323900e-07j)
 (1.138916735565115616e-04+2.319234716210491556e-07j), (-9.700597298134137483e-07-7.390939042382558492e-09j), (-3.261074057844502135e-10-4.876808901359813708e-13j), (-9.700597298134137483e-07-7.390939042382558492e-09j), (9.378462358348708841e-05+1.761555977936153437e-07j), (1.054091769649082741e-09-1.253425760081534742e-12j), (-3.261074057844502135e-10-4.876808901359813708e-13j), (1.054091769649082741e-09-1.253425760081534742e-12j), (3.244881162111569093e-05+6.310998584322834707e-07j)
 (1.138912158933845612e-04+2.639883205496262500e-07j), (-9.700425239395698307e-07-8.412826582879207529e-09j), (-3.261093012880487453e-10-5.550170587964743131e-13j), (-9.700425239395698307e-07-8.412826582879207529e-09j), (9.378428145619618103e-05+2.005107359184445277e-07j), (1.054092688914908004e-09-1.426675845172886120e-12j), (-3.261093012880487453e-10-5.550170587964743131e-13j), (1.054092688914908004e-09-1.426675845172886120e-12j), (3.244822433227106007e-05+7.183660141804994782e-07j)
 (1.138906229724297549e-04+3.004842893156415292e-07j), (-9.700202314662414946e-07-9.575952406962035671e-09j), (-3.261117579823528439e-10-6.316652593432275234e-13j), (-9.700202314662414946e-07-9.575952406962035671e-09j), (9.378383820666836039e-05+2.282318265936315856e-07j), (1.054093880161944120e-09-1.623881829489555679e-12j), (-3.261117579823528439e-10-6.316652593432275234e-13j), (1.054093880161944120e-09-1.623881829489555679e-12j), (3.244746341502317540e-05+8.176977287859046311e-07j)
 (1.138898548451897048e-04+3.420227559415346425e-07j), (-9.699913490052129474e-07-1.089981368866493413e-08j), (-3.261149419693606050e-10-7.189134192708973692e-13j), (-9.699913490052129474e-07-1.089981368866493413e-08j), (9.378326396169330286e-05+2.597834043851470200e-07j), (1.054095423838177369e-09-1.848355703390131839e-12j), (-3.261149419693606050e-10-7.189134192708973692e-13j), (1.054095423838177369e-09-1.848355703390131839e-12j), (3.244647754644301664e-05+9.307625968552867521e-07j)
 (1.138888597818130377e-04+3.892989929310636662e-07j), (-9.699539290747748891e-07-1.240658777420893944e-08j), (-3.261190685223349453e-10-8.182276707891915615e-13j), (-9.699539290747748891e-07-1.240658777420893944e-08j), (9.378252003345141825e-05+2.956938058503107081e-07j), (1.054097424185244380e-09-2.103867114409285880e-12j), (-3.261190685223349453e-10-8.182276707891915615e-13j), (1.054097424185244380e-09-2.103867114409285880e-12j), (3.244520023936192145e-05+1.059458404175152510e-06j)
 (1.138875708083370144e-04+4.431034615601429397e-07j), (-9.699054490816994937e-07-1.412149524020460600e-08j), (-3.261244166508754632e-10-9.312770434200601063e-13j), (-9.699054490816994937e-07-1.412149524020460600e-08j), (9.378155632568539106e-05+3.365637862602679857e-07j), (1.054100016276520294e-09-2.394706495521252384e-12j), (-3.261244166508754632e-10-9.312770434200601063e-13j), (1.054100016276520294e-09-2.394706495521252384e-12j), (3.244354536614206514e-05+1.205944765720584095e-06j)
 (1.138859012342131508e-04+5.043345231905358920e-07j), (-9.698426417610383566e-07-1.607320957338368539e-08j), (-3.261313479857619132e-10-1.059961596682974617e-12j), (-9.698426417610383566e-07-1.607320957338368539e-08j), (9.378030798139097329e-05+3.830762305734508302e-07j), (1.054103375137861178e-09-2.725756846982337375e-12j), (-3.261313479857619132e-10-1.059961596682974617e-12j), (1.054103375137861178e-09-2.725756846982337375e-12j), (3.244140136405817616e-05+1.372679047037796851e-06j)
 (1.138837388810280649e-04+5.740126956449880856e-07j), (-9.697612758107117931e-07-1.829431822461170737e-08j), (-3.261403312677636777e-10-1.206444481097431240e-12j), (-9.697612758107117931e-07-1.829431822461170737e-08j), (9.377869105347669927e-05+4.360070642441245189e-07j), (1.054107727567881390e-09-3.102575332890310286e-12j), (-3.261403312677636777e-10-1.206444481097431240e-12j), (1.054107727567881390e-09-3.102575332890310286e-12j), (3.243862373596140947e-05+1.562457118014326878e-06j)
 (1.138809386442953469e-04+6.532965688984241282e-07j), (-9.696558722172792204e-07-2.082183964911023700e-08j), (-3.261519741080402005e-10-1.373188492751995552e-12j), (-9.696558722172792204e-07-2.082183964911023700e-08j), (9.377659691906546429e-05+4.962374627575027892e-07j), (1.054113367457790990e-09-3.531485995986910684e-12j), (-3.261519741080402005e-10-1.373188492751995552e-12j), (1.054113367457790990e-09-3.531485995986910684e-12j), (3.243502534802869953e-05+1.778459543586423450e-06j)
 (1.138773129219894891e-04+7.435004643788888979e-07j), (-9.695193376307965987e-07-2.369780041126701794e-08j), (-3.261670641864685674e-10-1.562997774066778743e-12j), (-9.695193376307965987e-07-2.369780041126701794e-08j), (9.377388508192746521e-05+5.647674414341944115e-07j), (1.054120675648628594e-09-4.019685047773083762e-12j), (-3.261670641864685674e-10-1.562997774066778743e-12j), (1.054120675648628594e-09-4.019685047773083762e-12j), (3.243036388304684932e-05+2.024303869634170385e-06j)
 (1.138726193232911612e-04+8.461138676312152481e-07j), (-9.693424908850324892e-07-2.696987527966477471e-08j), (-3.261866227033758845e-10-1.779065426475189377e-12j), (-9.693424908850324892e-07-2.696987527966477471e-08j), (9.377037391307638269e-05+6.427308732891160378e-07j), (1.054130145672714232e-09-4.575360356249288746e-12j), (-3.261866227033758845e-10-1.779065426475189377e-12j), (1.054130145672714232e-09-4.575360356249288746e-12j), (3.242432562459372894e-05+2.304103709550956710e-06j)
 (1.138665449268755928e-04+9.628225730200674327e-07j), (-9.691134521094371356e-07-3.069209113094655592e-08j), (-3.262119737456019655e-10-2.025027932875384986e-12j), (-9.691134521094371356e-07-3.069209113094655592e-08j), (9.376582876419855205e-05+7.314119242833724909e-07j), (1.054142417127935305e-09-5.207826915916521966e-12j), (-3.262119737456019655e-10-2.025027932875384986e-12j), (1.054142417127935305e-09-5.207826915916521966e-12j), (3.241650451467929718e-05+2.622535370539150093e-06j)
 (1.138586861903470902e-04+1.095531334868844560e-06j), (-9.688168555417209694e-07-3.492559192838458871e-08j), (-3.262448343296754064e-10-2.305027466622471145e-12j), (-9.688168555417209694e-07-3.492559192838458871e-08j), (9.375994675065929605e-05+8.322628004558920929e-07j), (1.054158318956476677e-09-5.927680249025858498e-12j), (-3.262448343296754064e-10-2.305027466622471145e-12j), (1.054158318956476677e-09-5.927680249025858498e-12j), (3.240637513312303892e-05+2.984912767615204943e-06j)
 (1.138485234260618506e-04+1.246387599315903960e-06j), (-9.684328368092768914e-07-3.973945632820170478e-08j), (-3.262874313219705814e-10-2.623783388119680145e-12j), (-9.684328368092768914e-07-3.973945632820170478e-08j), (9.375233734098552848e-05+9.469225539301125408e-07j), (1.054178925581100007e-09-6.746969822496257347e-12j), (-3.262874313219705814e-10-2.623783388119680145e-12j), (1.054178925581100007e-09-6.746969822496257347e-12j), (3.239325787781887749e-05+3.397271341298947759e-06j)
 (1.138353885670176835e-04+1.417805565606924697e-06j), (-9.679357328139593811e-07-4.521155056579971512e-08j), (-3.263426533106133841e-10-2.986674546807401547e-12j), (-9.679357328139593811e-07-4.521155056579971512e-08j), (9.374249771316682100e-05+1.077236472779660360e-06j), (1.054205629741325314e-09-7.679394656822610648e-12j), (-3.263426533106133841e-10-2.986674546807401547e-12j), (1.054205629741325314e-09-7.679394656822610648e-12j), (3.237627416686055670e-05+3.866461598187773639e-06j)
 (1.138184247776627514e-04+1.612489357893074328e-06j), (-9.672924172446802444e-07-5.142938572325357136e-08j), (-3.264142479519753252e-10-3.399834441937206631e-12j), (-9.672924172446802444e-07-5.142938572325357136e-08j), (9.372978165828740947e-05+1.225275254846590756e-06j), (1.054240237033796813e-09-8.740523302659300332e-12j), (-3.264142479519753252e-10-3.399834441937206631e-12j), (1.054240237033796813e-09-8.740523302659300332e-12j), (3.235428892282899604e-05+4.400252697981025798e-06j)
 (1.137965363697969451e-04+1.833453437604205618e-06j), (-9.664601772281710288e-07-5.849092823083249333e-08j), (-3.265070785099042945e-10-3.870261928831199705e-12j), (-9.664601772281710288e-07-5.849092823083249333e-08j), (9.371336065621022093e-05+1.393352703197903455e-06j), (1.054285088680749423e-09-9.948040203568507046e-12j), (-3.265070785099042945e-10-3.870261928831199705e-12j), (1.054285088680749423e-09-9.948040203568507046e-12j), (3.232583692686776076e-05+5.007446168277957553e-06j)
 (1.137683275503450684e-04+2.084037513775577139e-06j), (-9.653840172954004568e-07-6.650528269512146881e-08j), (-3.266274574785635982e-10-4.405951103375500777e-12j), (-9.653840172954004568e-07-6.650528269512146881e-08j), (9.369217566556387901e-05+1.584040042703105938e-06j), (1.054343221039117907e-09-1.132202003489432561e-11j), (-3.266274574785635982e-10-4.405951103375500777e-12j), (1.054343221039117907e-09-1.132202003489432561e-11j), (3.228902884549819668e-05+5.697999274614717250e-06j)
 (1.137320288931489967e-04+2.367912096100039315e-06j), (-9.639932572157045642e-07-7.559312310947452528e-08j), (-3.267835806255287716e-10-5.016045423025830073e-12j), (-9.639932572157045642e-07-7.559312310947452528e-08j), (9.366487824296892571e-05+1.800174108850308667e-06j), (1.054418572961725770e-09-1.288523074223384523e-11j), (-3.267835806255287716e-10-5.016045423025830073e-12j), (1.054418572961725770e-09-1.288523074223384523e-11j), (3.224143185521287738e-05+6.483156722452860614e-06j)
 (1.136854112917082716e-04+2.689069518269127755e-06j), (-9.621972734833949608e-07-8.588668733623296720e-08j), (-3.269860919001236983e-10-5.711023311339009528e-12j), (-9.621972734833949608e-07-8.588668733623296720e-08j), (9.362975996023218924e-05+2.044855587175980453e-06j), (1.054516255504835937e-09-1.466346441535858951e-11j), (-3.269860919001236983e-10-5.711023311339009528e-12j), (1.054516255504835937e-09-1.466346441535858951e-11j), (3.217991887055685730e-05+7.375588114105090563e-06j)
 (1.136256887778355317e-04+3.051793883543551726e-06j), (-9.598802261555361759e-07-9.752906454441362506e-08j), (-3.272488189375682372e-10-6.502925882278982677e-12j), (-9.598802261555361759e-07-9.752906454441362506e-08j), (9.358466990101548238e-05+2.321432220353243982e-06j), (1.054642902836585007e-09-1.668589239517996028e-11j), (-3.272488189375682372e-10-6.502925882278982677e-12j), (1.054642902836585007e-09-1.668589239517996028e-11j), (3.210047952606561881e-05+8.389526805719239850e-06j)
 (1.135494142737747696e-04+3.460602293211118844e-06j), (-9.568946233603227092e-07-1.106723894941058386e-07j), (-3.275897310530639816e-10-7.405642643983353435e-12j), (-9.568946233603227092e-07-1.106723894941058386e-07j), (9.352692151329558762e-05+2.633460583414964110e-06j), (1.054807128716185947e-09-1.898543646475603082e-11j), (-3.275897310530639816e-10-7.405642643983353435e-12j), (1.054807128716185947e-09-1.898543646475603082e-11j), (3.199798545644942622e-05+9.540903389186569073e-06j)
 (1.134523762899959182e-04+3.920149553952262848e-06j), (-9.530536214489810704e-07-1.254744051964113920e-07j), (-3.280321876538380968e-10-8.435279086124819762e-12j), (-9.530536214489810704e-07-1.254744051964113920e-07j), (9.345319249793584623e-05+2.984638949812279102e-06j), (1.055020119646348503e-09-2.159914061210901614e-11j), (-3.280321876538380968e-10-8.435279086124819762e-12j), (1.055020119646348503e-09-2.159914061210901614e-11j), (3.186590235599371225e-05+1.084746388551648604e-05j)
 (1.133295096720094564e-04+4.435090333829632013e-06j), (-9.481220647015511924e-07-1.420926637493341247e-07j), (-3.286065663799909131e-10-9.610642369559920372e-12j), (-9.481220647015511924e-07-1.420926637493341247e-07j), (9.335942485494804150e-05+3.378703445233664675e-06j), (1.055296403494211246e-09-2.456851623891874304e-11j), (-3.286065663799909131e-10-9.610642369559920372e-12j), (1.055296403494211246e-09-2.456851623891874304e-11j), (3.169594219477437659e-05+1.232885891893179731e-05j)
 (1.131748388954875788e-04+5.009897740494861154e-06j), (-9.418064716928190559e-07-1.606754094666553082e-07j), (-3.293523892330247997e-10-1.095390007080143805e-11j), (-9.418064716928190559e-07-1.606754094666553082e-07j), (9.324073652850530794e-05+3.819280842763117150e-06j), (1.055654840073149051e-09-2.793981590121080142e-11j), (-3.293523892330247997e-10-1.095390007080143805e-11j), (1.055654840073149051e-09-2.793981590121080142e-11j), (3.147765134544211073e-05+1.400668591063127418e-05j)
 (1.129814760456267816e-04+5.648646629266282662e-06j), (-9.337445265313421818e-07-1.813479511942987417e-07j), (-3.303211047222191158e-10-1.249149546021598999e-11j), (-9.337445265313421818e-07-1.813479511942987417e-07j), (9.309136059422779713e-05+4.309694773228271987e-06j), (1.056119885626368533e-09-3.176416424004756993e-11j), (-3.303211047222191158e-10-1.249149546021598999e-11j), (1.056119885626368533e-09-3.176416424004756993e-11j), (3.119793474405325778e-05+1.590446232175665532e-05j)
 (1.127416939535659269e-04+6.354783412247132966e-06j), (-9.234951952940877924e-07-2.041931356820847364e-07j), (-3.315797386660302656e-10-1.425544664703477187e-11j), (-9.234951952940877924e-07-2.041931356820847364e-07j), (9.290463122262971121e-05+4.852728188264520246e-06j), (1.056723182080628226e-09-3.609743713480282987e-11j), (-3.315797386660302656e-10-1.425544664703477187e-11j), (1.056723182080628226e-09-3.609743713480282987e-11j), (3.084052282929135167e-05+1.804750530417366481e-05j)
 (1.124470837253431488e-04+7.130918501205518013e-06j), (-9.105314272519427268e-07-2.292244875648174327e-07j), (-3.332156985817886938e-10-1.628522543964036847e-11j), (-9.105314272519427268e-07-2.292244875648174327e-07j), (9.267303589937471225e-05+5.450352866332641973e-06j), (1.057505507641593361e-09-4.099972897460673059e-11j), (-3.332156985817886938e-10-1.628522543964036847e-11j), (1.057505507641593361e-09-4.099972897460673059e-11j), (3.038539644878898355e-05+2.046269334735956579e-05j)
 (1.120887828077979414e-04+7.978685063369585115e-06j), (-8.942385589735967716e-07-2.563508713634748862e-07j), (-3.353431020061849808e-10-1.863052052275528099e-11j), (-8.942385589735967716e-07-2.563508713634748862e-07j), (9.238834944935352480e-05+6.103444119481789307e-06j), (1.058519089615186129e-09-4.653418196803939254e-11j), (-3.353431020061849808e-10-1.863052052275528099e-11j), (1.058519089615186129e-09-4.653418196803939254e-11j), (2.980819354521641363e-05+2.317809024485496523e-05j)
 (1.116577293761352184e-04+8.898697469332001399e-06j), (-8.739229735966272617e-07-2.853324517335858791e-07j), (-3.381110721359861996e-10-2.135536091332911257e-11j), (-8.739229735966272617e-07-2.853324517335858791e-07j), (9.204185885273115700e-05+6.811502108868206598e-06j), (1.059830217673272249e-09-5.276486991955183293e-11j), (-3.381110721359861996e-10-2.135536091332911257e-11j), (1.059830217673272249e-09-5.276486991955183293e-11j), (2.907962704577837242e-05+2.622242163418259594e-05j)
 (1.111448769251278549e-04+9.890607025960804907e-06j), (-8.488370325498621344e-07-3.157296769813242223e-07j), (-3.417144372135322783e-10-2.454433239158911127e-11j), (-8.488370325498621344e-07-3.157296769813242223e-07j), (9.162468430278109530e-05+7.572398920319662629e-06j), (1.061522011194475616e-09-5.975332973689502770e-11j), (-3.417144372135322783e-10-2.454433239158911127e-11j), (1.061522011194475616e-09-5.975332973689502770e-11j), (2.816494165489760506e-05+2.962440782302975433e-05j)
 (1.105413133792134864e-04+1.095319901849686449e-05j), (-8.182271749844732092e-07-3.468503815075549712e-07j), (-3.464070540243872633e-10-2.831195831335348347e-11j), (-8.182271749844732092e-07-3.468503815075549712e-07j), (9.112820861836563695e-05+8.382168720852527661e-06j), (1.063697113177797240e-09-6.755320813508574699e-11j), (-3.464070540243872633e-10-2.831195831335348347e-11j), (1.063697113177797240e-09-6.755320813508574699e-11j), (2.702342443203244307e-05+3.341196828776005396e-05j)
 (1.098382874106035913e-04+1.208443520955746542e-05j), (-7.814112287707520335e-07-3.777049754923899352e-07j), (-3.525173716299842206e-10-3.281664908542125574e-11j), (-7.814112287707520335e-07-3.777049754923899352e-07j), (9.054464351854952966e-05+9.234872214136746361e-06j), (1.066480051623944385e-09-7.620231794681183388e-11j), (-3.525173716299842206e-10-3.281664908542125574e-11j), (1.066480051623944385e-09-7.620231794681183388e-11j), (2.560795975364501758e-05+3.761131410549051511e-05j)
 (1.090272339339949626e-04+1.328136433773975212e-05j), (-7.378868264582472854e-07-4.069852577716794871e-07j), (-3.604647188958596721e-10-3.828068830891118681e-11j), (-7.378868264582472854e-07-4.069852577716794871e-07j), (8.986776776321274548e-05+1.012261138856020863e-05j), (1.070019066601372929e-09-8.571114902364778003e-11j), (-3.604647188958596721e-10-3.828068830891118681e-11j), (1.070019066601372929e-09-8.571114902364778003e-11j), (2.386458943450765963e-05+4.224592376826311605e-05j)
 (1.080999524421297859e-04+1.453992198678308390e-05j), (-6.874640851070966603e-07-4.330863203339741993e-07j), (-3.707732419293423874e-10-4.501700271325363877e-11j), (-6.874640851070966603e-07-4.330863203339741993e-07j), (8.909383091895699432e-05+1.103583834538936404e-05j), (1.074487309963628547e-09-9.604653974904801999e-11j), (-3.707732419293423874e-10-4.501700271325363877e-11j), (1.074487309963628547e-09-9.604653974904801999e-11j), (2.173201792453171969e-05+4.733534574158138774e-05j)
 (1.070490565628819124e-04+1.585478338686631977e-05j), (-6.304029117277549373e-07-4.541894430249344898e-07j), (-3.840790656392526768e-10-5.346124191034952710e-11j), (-6.304029117277549373e-07-4.541894430249344898e-07j), (8.822249920711298108e-05+1.196414289694093767e-05j), (1.080083274219357258e-09-1.071088413225910317e-10j), (-3.840790656392526768e-10-5.346124191034952710e-11j), (1.080083274219357258e-09-1.071088413225910317e-10j), (1.914101644524616433e-05+5.289368454892396477e-05j)
 (1.058686596276448607e-04+1.721952615740209413e-05j), (-5.675224734957223926e-07-4.684130036606741428e-07j), (-4.011264212758776692e-10-6.420339982761817764e-11j), (-5.675224734957223926e-07-4.684130036606741428e-07j), (8.725755257039998088e-05+1.289764100270833242e-05j), (1.087029666678237975e-09-1.187006816177070098e-10j), (-4.011264212758776692e-10-6.420339982761817764e-11j), (1.087029666678237975e-09-1.187006816177070098e-10j), (1.601376786443812800e-05+5.892752149909637508e-05j)
 (1.045550515017217691e-04+1.862731645876984678e-05j), (-5.002451200417755349e-07-4.740179891313643443e-07j), (-4.227518005431570010e-10-7.800708747100245938e-11j), (-5.002451200417755349e-07-4.740179891313643443e-07j), (8.620692464304773722e-05+1.382887755144894297e-05j), (1.095568184278676226e-09-1.304856935270399578e-10j), (-4.227518005431570010e-10-7.800708747100245938e-11j), (1.095568184278676226e-09-1.304856935270399578e-10j), (1.226339613130948109e-05+6.543295386956179418e-05j)
 (1.031069722853581263e-04+2.007213595036046994e-05j), (-4.305468525530976548e-07-4.696312775905353076e-07j), (-4.498623966087971742e-10-9.579832747745430259e-11j), (-4.305468525530976548e-07-4.696312775905353076e-07j), (8.508173488088668771e-05+1.475486173617712907e-05j), (1.105944493819886105e-09-1.419367233592126209e-10j), (-4.498623966087971742e-10-9.579832747745430259e-11j), (1.105944493819886105e-09-1.419367233592126209e-10j), (7.794233054922115325e-06+7.239152107491588709e-05j)
 (1.015250931035999448e-04+2.155029072655690868e-05j), (-3.608120334906707569e-07-4.544358994420318573e-07j), (-4.834242949911325986e-10-1.186023784333523997e-10j), (-3.608120334906707569e-07-4.544358994420318573e-07j), (8.389424106685332153e-05+1.567863286074490988e-05j), (1.118373668101195683e-09-1.522753766182814054e-10j), (-4.834242949911325986e-10-1.186023784333523997e-10j), (1.118373668101195683e-09-1.522753766182814054e-10j), (2.503665085751205288e-06+7.976514613592677080e-05j)
 (9.981049433732416224e-05+2.306169818365253266e-05j), (-2.936212552412705103e-07-4.282836313522726485e-07j), (-5.244818640116371109e-10-1.474093286594314713e-10j), (-2.936212552412705103e-07-4.282836313522726485e-07j), (8.265503495478102719e-05+1.660977089271386376e-05j), (1.132972930648213770e-09-1.604082996946433747e-10j), (-5.244818640116371109e-10-1.474093286594314713e-10j), (1.132972930648213770e-09-1.604082996946433747e-10j), (-3.713583876174104091e-06+8.749085530952013996e-05j)
 (9.796224502629507916e-05+2.461032626345993694e-05j), (-2.315216994455078512e-07-3.917109912814622720e-07j), (-5.742258537930623536e-10-1.829573715589015075e-10j), (-2.315216994455078512e-07-3.917109912814622720e-07j), (8.137010537852215370e-05+1.756354547740425427e-05j), (1.149648279162495186e-09-1.648700740280229655e-10j), (-5.742258537930623536e-10-1.829573715589015075e-10j), (1.149648279162495186e-09-1.648700740280229655e-10j), (-1.095838929412644116e-05+9.547669187139328504e-05j)
 (9.597456144609233528e-05+2.620322231940020049e-05j), (-1.768280373819139231e-07-3.458716685051954125e-07j), (-6.341096808542114445e-10-2.254341507293768403e-10j), (-1.768280373819139231e-07-3.458716685051954125e-07j), (8.003844581168878894e-05+1.855879313743851242e-05j), (1.167927084569689954e-09-1.637877635136961097e-10j), (-6.341096808542114445e-10-2.254341507293768403e-10j), (1.167927084569689954e-09-1.637877635136961097e-10j), (-1.931805389784160062e-05+1.036004383926384591e-04j)
 (9.383435847641739705e-05+2.784785137634825889e-05j), (-1.314817692253966004e-07-2.924201373141191919e-07j), (-7.059828240877142351e-10-2.741072943580137462e-10j), (-1.314817692253966004e-07-2.924201373141191919e-07j), (7.865070080361452186e-05+1.961492361165833456e-05j), (1.186742219323058075e-09-1.548879913812652815e-10j), (-7.059828240877142351e-10-2.741072943580137462e-10j), (1.186742219323058075e-09-1.548879913812652815e-10j), (-2.885675235515281709e-05+1.117121121353301051e-04j)
 (9.152016862478464529e-05+2.954794731549590078e-05j), (-9.697071646623144920e-08-2.333846083898951973e-07j), (-7.921742080751682956e-10-3.269010614384905513e-10j), (-9.697071646623144920e-08-2.333846083898951973e-07j), (7.718907070483919594e-05+2.074858218120424793e-05j), (1.204195512965001499e-09-1.355737004670703700e-10j), (-7.921742080751682956e-10-3.269010614384905513e-10j), (1.204195512965001499e-09-1.355737004670703700e-10j), (-3.960764907190814115e-05+1.196398057406694408e-04j)
 (8.900326356278925703e-05+3.129864725950926593e-05j), (-7.429052054535961455e-08-1.710555713706483022e-07j), (-8.954271357642483344e-10-3.799309537377737889e-10j), (-7.429052054535961455e-08-1.710555713706483022e-07j), (7.562845704125280006e-05+2.197047277535960359e-05j), (1.217358161245375311e-09-1.031025719290629517e-10j), (-8.954271357642483344e-10-3.799309537377737889e-10j), (1.217358161245375311e-09-1.031025719290629517e-10j), (-5.156782946914802618e-05+1.271971156538039254e-04j)
 (8.625134149624751078e-05+3.308213039961084063e-05j), (-6.392217235956982399e-08-1.078970512619500373e-07j), (-1.018574070318770038e-09-4.269830665936871786e-10j), (-6.392217235956982399e-08-1.078970512619500373e-07j), (7.393866600487258519e-05+2.328276058556969291e-05j), (1.222198415913637788e-09-5.489704052526367918e-11j), (-1.018574070318770038e-09-4.269830665936871786e-10j), (1.222198415913637788e-09-5.489704052526367918e-11j), (-6.469538060968648471e-05+1.341902707079067349e-04j)
 (8.323444315205854303e-05+3.486513083940961146e-05j), (-6.580415925549183751e-08-4.646883275124707687e-08j), (-1.163862641210998129e-09-4.588739217617975906e-10j), (-6.580415925549183751e-08-4.646883275124707687e-08j), (7.208736956367626787e-05+2.467736059626038559e-05j), (1.213752025843823792e-09+1.100230989114684559e-11j), (-1.163862641210998129e-09-4.588739217617975906e-10j), (1.213752025843823792e-09+1.100230989114684559e-11j), (-7.890664051813078275e-05+1.404246610289594304e-04j)
 (7.993201839057077036e-05+3.659943833831665283e-05j), (-7.929264815500982290e-08+1.066454490165241278e-08j), (-1.331924230325162746e-09-4.625624948054967532e-10j), (-7.929264815500982290e-08+1.066454490165241278e-08j), (7.004344759612295991e-05+2.613526933482884993e-05j), (1.186650799917197441e-09+9.537190997573234976e-11j), (-1.331924230325162746e-09-4.625624948054967532e-10j), (1.186650799917197441e-09+9.537190997573234976e-11j), (-9.407232586111223972e-05+1.457128102031638264e-04j)
 (7.633950839819297191e-05+3.822583641960487647e-05j), (-1.031235448824051269e-07+6.106271916832489729e-08j), (-1.520522840899246525e-09-4.198538692245181508e-10j), (-1.031235448824051269e-07+6.106271916832489729e-08j), (6.778034221539254391e-05+2.762691642691294546e-05j), (1.136077402614058310e-09+1.972308128520008685e-10j), (-1.520522840899246525e-09-4.198538692245181508e-10j), (1.136077402614058310e-09+1.972308128520008685e-10j), (-1.100140954947655451e-04+1.498867650824507703e-04j)
 (7.247267849174886169e-05+3.968096635670962513e-05j), (-1.354079159363096111e-07+1.025867062571625211e-07j), (-1.723412400204166670e-09-3.056025446582192321e-10j), (-1.354079159363096111e-07+1.025867062571625211e-07j), (6.527918625930050046e-05+2.911337344626572973e-05j), (1.059105987422678092e-09+3.134360411378691795e-10j), (-1.723412400204166670e-09-3.056025446582192321e-10j), (1.059105987422678092e-09+3.134360411378691795e-10j), (-1.265061366468505440e-04+1.528157324401531990e-04j)
 (6.836842623199511295e-05+4.090564320581107732e-05j), (-1.736971380093875813e-07+1.336091453245969869e-07j), (-1.929798416933557188e-09-8.554979277125469937e-11j), (-1.736971380093875813e-07+1.336091453245969869e-07j), (6.253167144771885140e-05+3.054827932410364145e-05j), (9.562311421743284335e-10+4.386720048511770598e-10j), (-1.929798416933557188e-09-8.554979277125469937e-11j), (9.562311421743284335e-10+4.386720048511770598e-10j), (-1.432866302007367932e-04+1.544252774543625173e-04j)
 (6.408184717339736368e-05+4.185264469280968776e-05j), (-2.151405783481212092e-07+1.532167458542761538e-07j), (-2.124947993583453253e-09+2.856990835273455543e-10j), (-2.151405783481212092e-07+1.532167458542761538e-07j), (5.954271764423296629e-05+3.188057456966866447e-05j), (8.327318101482951575e-10+5.660275936013723083e-10j), (-2.124947993583453253e-09+2.856990835273455543e-10j), (8.327318101482951575e-10+5.660275936013723083e-10j), (-1.600800922316233520e-04+1.547107035063772997e-04j)
 (5.968051610255279565e-05+4.249230325458818803e-05j), (-2.567305712037132800e-07+1.613519563087964757e-07j), (-2.292340643918636551e-09+8.656639968055994113e-10j), (-2.567305712037132800e-07+1.613519563087964757e-07j), (5.633278185168838785e-05+3.305842490632255741e-05j), (6.994340564440910895e-10+6.882325068062215589e-10j), (-2.292340643918636551e-09+8.656639968055994113e-10j), (6.994340564440910895e-10+6.882325068062215589e-10j), (-1.766255216997425666e-04+1.537377310651418633e-04j)
 (5.523756989072944884e-05+4.281523255912682508e-05j), (-2.955993836894665666e-07+1.588493124869624066e-07j), (-2.417394497504835584e-09+1.722878195382735305e-09j), (-2.955993836894665666e-07+1.588493124869624066e-07j), (5.293909428464025127e-05+3.403470241966830814e-05j), (5.724819087178148372e-10+7.994435837272187707e-10j), (-2.417394497504835584e-09+1.722878195382735305e-09j), (5.724819087178148372e-10+7.994435837272187707e-10j), (-1.927012063073962531e-04+1.516288514330362772e-04j)
 (5.082491174406884729e-05+4.283254718330778470e-05j), (-3.293137746766315779e-07+1.473471739016231567e-07j), (-2.492328048749137079e-09+2.932867677074782915e-09j), (-3.293137746766315779e-07+1.473471739016231567e-07j), (4.941458941144011763e-05+3.477378269190438539e-05j), (4.719060409320578251e-10+8.972996339685745569e-10j), (-2.492328048749137079e-09+2.932867677074782915e-09j), (4.719060409320578251e-10+8.972996339685745569e-10j), (-2.081381465297583977e-04+1.485405974930354464e-04j)
 (4.650705399731735329e-05+4.257428579846385673e-05j), (-3.561107831574912830e-07+1.290868594046811752e-07j), (-2.521284903144517704e-09+4.571149901223536453e-09j), (-3.561107831574912830e-07+1.290868594046811752e-07j), (4.582339024385995038e-05+3.525834008634718607e-05j), (4.190521483539629812e-10+9.848628280120308795e-10j), (-2.521284903144517704e-09+4.571149901223536453e-09j), (4.190521483539629812e-10+9.848628280120308795e-10j), (-2.228198494941704510e-04+1.446408782706756118e-04j)
 (4.233557007229987919e-05+4.208634281012188613e-05j), (-3.750322277847941532e-07+1.066381270865211887e-07j), (-2.524624473774290483e-09+6.704143530355597273e-09j), (-3.750322277847941532e-07+1.066381270865211887e-07j), (4.223272160009768674e-05+3.549393532080327793e-05j), (4.332161332239885560e-10+1.072063831862313830e-09j), (-2.524624473774290483e-09+6.704143530355597273e-09j), (4.332161332239885560e-10+1.072063831862313830e-09j), (-2.366728882463148254e-04+1.400940173314077703e-04j)
 (3.834431137485600448e-05+4.142567646024568551e-05j), (-3.859401748159434726e-07+8.260561383188491878e-08j), (-2.541368372094872394e-09+9.379613167509431859e-09j), (-3.859401748159434726e-07+8.260561383188491878e-08j), (3.870271314679333749e-05+3.550926035639456703e-05j), (5.280363204352623493e-10+1.176355219904948537e-09j), (-2.541368372094872394e-09+9.379613167509431859e-09j), (5.280363204352623493e-10+1.176355219904948537e-09j), (-2.496559438258928146e-04+1.350555667827788866e-04j)
 (3.454617574739027796e-05+4.065359447946647952e-05j), (-3.894246533620530034e-07+5.937107836833553399e-08j), (-2.629161354016931809e-09+1.261837754667915073e-08j), (-3.894246533620530034e-07+5.937107836833553399e-08j), (3.527679097035189815e-05+3.535116305870759614e-05j), (7.082305958679479062e-10+1.322417465119455063e-09j), (-2.629161354016931809e-09+1.261837754667915073e-08j), (7.082305958679479062e-10+1.322417465119455063e-09j), (-2.617534436452066031e-04+1.296731847437579876e-04j)
 (3.093257660150365281e-05+3.982762372510225725e-05j), (-3.866391069531705293e-07+3.891036866989217989e-08j), (-2.861576698050535205e-09+1.640845392407522856e-08j), (-3.866391069531705293e-07+3.891036866989217989e-08j), (3.197545024619786016e-05+3.507541721734530626e-05j), (9.671181543543065540e-10+1.540906648995638307e-09j), (-2.861576698050535205e-09+1.640845392407522856e-08j), (9.671181543543065540e-10+1.540906648995638307e-09j), (-2.729750675761106224e-04+1.240873658551745718e-04j)
 (2.747641888525756816e-05+3.899332888492462881e-05j), (-3.791093481121334263e-07+2.269752930831114319e-08j), (-3.322927818796791383e-09+2.070199361040160459e-08j), (-3.791093481121334263e-07+2.269752930831114319e-08j), (2.879510318216822469e-05+3.473563556789749737e-05j), (1.285112810647377839e-09+1.866333283519054873e-09j), (-3.322927818796791383e-09+2.070199361040160459e-08j), (1.285112810647377839e-09+1.866333283519054873e-09j), (-2.833577410154802367e-04+1.184275779926436382e-04j)
 (2.413849854695723513e-05+3.817786834163177078e-05j), (-3.685546833962823480e-07+1.168257414168409377e-08j), (-4.100817629560525454e-09+2.541484738844977992e-08j), (-3.685546833962823480e-07+1.168257414168409377e-08j), (2.571208430088138021e-05+3.437311218555659135e-05j), (1.629173777432144508e-09+2.334185814238919650e-09j), (-4.100817629560525454e-09+2.541484738844977992e-08j), (1.629173777432144508e-09+2.334185814238919650e-09j), (-2.929650149027291273e-04+1.128036164106347718e-04j)
 (2.087627880097341841e-05+3.738686821651936691e-05j), (-3.567407448510843083e-07+6.314937985389778393e-09j), (-5.276588527874669164e-09+3.042870076952293858e-08j), (-3.567407448510843083e-07+6.314937985389778393e-09j), (2.269056675250350407e-05+3.400982069750956406e-05j), (1.953183153230004885e-09+2.977380633484281634e-09j), (-5.276588527874669164e-09+3.042870076952293858e-08j), (1.953183153230004885e-09+2.977380633484281634e-09j), (-3.018804327889929875e-04+1.072958202112180449e-04j)
 (1.765330934638751064e-05+3.660552995028221786e-05j), (-3.453632097986952758e-07+6.585564270815901953e-09j), (-6.913945405984048589e-09+3.559624532048099563e-08j), (-3.453632097986952758e-07+6.585564270815901953e-09j), (1.969245874570408987e-05+3.364582094705418605e-05j), (2.199391667445160847e-09+3.822117505333320267e-09j), (-6.913945405984048589e-09+3.559624532048099563e-08j), (2.199391667445160847e-09+3.822117505333320267e-09j), (-3.101950489190012086e-04+1.019491481310752051e-04j)
 (1.444724535822489988e-05+3.580399049457250638e-05j), (-3.359497705236702317e-07+1.207313664435201378e-08j), (-9.046580153802793343e-09+4.075017516584963057e-08j), (-3.359497705236702317e-07+1.207313664435201378e-08j), (1.668718454442525789e-05+3.326138346294676523e-05j), (2.301282281939111907e-09+4.883347530398280076e-09j), (-9.046580153802793343e-09+4.075017516584963057e-08j), (2.301282281939111907e-09+4.883347530398280076e-09j), (-3.179925342765426181e-04+9.677471296519169180e-05j)
 (1.125452192593397432e-05+3.494594858261683196e-05j), (-3.297685662810224572e-07+2.199563798232126530e-08j), (-1.166656190974636855e-08+4.571624112480962775e-08j), (-3.297685662810224572e-07+2.199563798232126530e-08j), (1.365935179576542363e-05+3.282332055201241122e-05j), (2.188212411536629454e-09+6.160342894521595564e-09j), (-1.166656190974636855e-08+4.571624112480962775e-08j), (2.188212411536629454e-09+6.160342894521595564e-09j), (-3.253368166514492813e-04+9.175929603280880804e-05j)
 (8.090352577669044959e-06+3.399859145809468831e-05j), (-3.277423013385941986e-07+3.527847792710978425e-08j), (-1.471605368780331266e-08+5.032897422615841089e-08j), (-3.277423013385941986e-07+3.527847792710978425e-08j), (1.061260932195652389e-05+3.229420004953782058e-05j), (1.791853841474283090e-09+7.633162305878699867e-09j), (-1.471605368780331266e-08+5.032897422615841089e-08j), (1.791853841474283090e-09+7.633162305878699867e-09j), (-3.322665121292698795e-04+8.688008936970378448e-05j)
 (4.983911398829903288e-06+3.294123097117419532e-05j), (-3.303807856842809793e-07+5.064951138440607713e-08j), (-1.808484318440626485e-08+5.444668642132541472e-08j), (-3.303807856842809793e-07+5.064951138440607713e-08j), (7.568681531570835915e-06+3.164232179481192038e-05j), (1.053827265284056083e-09+9.260886523137314978e-09j), (-1.808484318440626485e-08+5.444668642132541472e-08j), (1.053827265284056083e-09+9.260886523137314978e-09j), (-3.387979149517421937e-04+8.211976542865782500e-05j)
 (1.970077457643201095e-06+3.177022594534229948e-05j), (-3.377514056335429298e-07+6.676002086260942325e-08j), (-2.161486631307262746e-08+5.796132023302938621e-08j), (-3.377514056335429298e-07+6.676002086260942325e-08j), (4.561754891994074528e-06+3.084987584717729096e-05j), (-6.664650293067701858e-11+1.098217107115014578e-08j), (-2.161486631307262746e-08+5.796132023302938621e-08j), (-6.664650293067701858e-11+1.098217107115014578e-08j), (-3.449350404942352335e-04+7.747682876965021257e-05j)
 (-9.196626250216341850e-07+3.049891056135765289e-05j), (-3.495015105040267148e-07+8.231612603609220740e-08j), (-2.511084442291976429e-08+6.079978629727965263e-08j), (-3.495015105040267148e-07+8.231612603609220740e-08j), (1.629841020134536978e-06+2.991702650270657268e-05j), (-1.586387809721583728e-09+1.271801495727364473e-08j), (-2.511084442291976429e-08+6.079978629727965263e-08j), (-1.586387809721583728e-09+1.271801495727364473e-08j), (-3.506825655971189458e-04+7.296815762539121100e-05j)
 (-3.664303344890043656e-06+2.915297765272407431e-05j), (-3.649312735636108906e-07+9.619665399961743223e-08j), (-2.835453761125081402e-08+6.291651987221343257e-08j), (-3.649312735636108906e-07+9.619665399961743223e-08j), (-1.194190590154920947e-06+2.886092162883057276e-05j), (-3.494045408014372762e-09+1.437605811008497724e-08j), (-2.835453761125081402e-08+6.291651987221343257e-08j), (-3.494045408014372762e-09+1.437605811008497724e-08j), (-3.560566781844568289e-04+6.862379041346296281e-05j)
 (-6.256433662549395168e-06+2.776327260174540830e-05j), (-3.830995796812187742e-07+1.075368283743776606e-07j), (-3.111995285993132144e-08+6.428065732592340692e-08j), (-3.830995796812187742e-07+1.075368283743776606e-07j), (-3.889147776726161604e-06+2.771036328169493881e-05j), (-5.748134054558204543e-09+1.585561754810047189e-08j), (-3.111995285993132144e-08+6.428065732592340692e-08j), (-5.748134054558204543e-09+1.585561754810047189e-08j), (-3.610901013022216571e-04+6.447683510137259969e-05j)
 (-8.700964405109260207e-06+2.635855881790570389e-05j), (-4.029384869113579469e-07+1.157697007259171825e-07j), (-3.318812050761340294e-08+6.486361646735698093e-08j), (-4.029384869113579469e-07+1.157697007259171825e-07j), (-6.447876634501996905e-06+2.649827290035957353e-05j), (-8.276936784298656107e-09+1.705315278721236309e-08j), (-3.318812050761340294e-08+6.486361646735698093e-08j), (-8.276936784298656107e-09+1.705315278721236309e-08j), (-3.658300740359193620e-04+6.055267240616331358e-05j)
 (-1.101053855547299513e-05+2.496040119088490400e-05j), (-4.233566587034378346e-07+1.206307121512179904e-07j), (-3.436168188266207906e-08+6.463286055691568141e-08j), (-4.233566587034378346e-07+1.206307121512179904e-07j), (-8.875289612442154139e-06+2.525452685526000004e-05j), (-1.098003445257749805e-08+1.786855912405809099e-08j), (-3.436168188266207906e-08+6.463286055691568141e-08j), (-1.098003445257749805e-08+1.786855912405809099e-08j), (-3.703305880754333883e-04+5.686117416548349795e-05j)
 (-1.319956392344952918e-05+2.358126422355610698e-05j), (-4.433237550212457480e-07+1.221375272093113535e-07j), (-3.448016928941239033e-08+6.355531304489481037e-08j), (-4.433237550212457480e-07+1.221375272093113535e-07j), (-1.118331481355481377e-05+2.400119271203717425e-05j), (-1.373189338605191929e-08+1.821302859321986014e-08j), (-3.448016928941239033e-08+6.355531304489481037e-08j), (-1.373189338605191929e-08+1.821302859321986014e-08j), (-3.746418151951603375e-04+5.339410176605138012e-05j)
 (-1.527893858300130299e-05+2.222575016469862763e-05j), (-4.619377679278956544e-07+1.205554646690515775e-07j), (-3.343585673612274714e-08+6.161016050343304472e-08j), (-4.619377679278956544e-07+1.205554646690515775e-07j), (-1.338478845463970468e-05+2.275109023973240018e-05j), (-1.638854974692719272e-08+1.801875171783937018e-08j), (-3.343585673612274714e-08+6.161016050343304472e-08j), (-1.638854974692719272e-08+1.801875171783937018e-08j), (-3.788002061554741396e-04+5.012800463403444017e-05j)
 (-1.725305468414231125e-05+2.089397231692272056e-05j), (-4.784801178535251715e-07+1.163524216552190148e-07j), (-3.118794186280625464e-08+5.880690459135360460e-08j), (-4.784801178535251715e-07+1.163524216552190148e-07j), (-1.548835004025556831e-05+2.150943688235880825e-05j), (-1.879829356558282286e-08+1.724949294489342558e-08j), (-3.118794186280625464e-08+5.880690459135360460e-08j), (-1.879829356558282286e-08+1.724949294489342558e-08j), (-3.828223470604044513e-04+4.703133085493068944e-05j)
 (-1.911976634034055528e-05+1.958555936575539163e-05j), (-4.924591673036824342e-07+1.101422659114700817e-07j), (-2.777107462772928611e-08+5.520195245010825724e-08j), (-4.924591673036824342e-07+1.101422659114700817e-07j), (-1.749584104001793768e-05+2.027745131255556026e-05j), (-2.081607339404436195e-08+1.590966422502914565e-08j), (-2.777107462772928611e-08+5.520195245010825724e-08j), (-2.081607339404436195e-08+1.590966422502914565e-08j), (-3.867044858385151732e-04+4.407334212341154021e-05j)
 (-2.087294867558127398e-05+1.830280737954636600e-05j), (-5.036365764748886471e-07+1.026162183439162816e-07j), (-2.329445521381813107e-08+5.090705215000497938e-08j), (-5.036365764748886471e-07+1.026162183439162816e-07j), (-1.940275180910864888e-05+1.905635561924219916e-05j), (-2.231953814909671036e-08+1.404888505107786384e-08j), (-2.329445521381813107e-08+5.090705215000497938e-08j), (-2.231953814909671036e-08+1.404888505107786384e-08j), (-3.904278680310529007e-04+4.123200113499360966e-05j)
 (-2.250640565409664875e-05+1.705201253965131606e-05j), (-5.120285073535238088e-07+9.446714992380889303e-08j), (-1.793037840461187662e-08+4.608581011420249315e-08j), (-5.120285073535238088e-07+9.446714992380889303e-08j), (-2.120117874093005905e-05+1.785031709493541954e-05j), (-2.322326544653276491e-08+1.175984529636167030e-08j), (-1.793037840461187662e-08+4.608581011420249315e-08j), (-2.322326544653276491e-08+1.175984529636167030e-08j), (-3.939680932070017071e-04+3.849846338678290060e-05j)
 (-2.401754438257578533e-05+1.584282174003711174e-05j), (-5.178777197654917456e-07+8.631756641537696979e-08j), (-1.189498125888393942e-08+4.093910775998033837e-08j), (-5.178777197654917456e-07+8.631756641537696979e-08j), (-2.288391422075850858e-05+1.666745840325932598e-05j), (-2.348782531997522117e-08+9.169400497042921490e-09j), (-1.189498125888393942e-08+4.093910775998033837e-08j), (-2.348782531997522117e-08+9.169400497042921490e-09j), (-3.973053651058263552e-04+3.587709145652003277e-05j)
 (-2.540953895806741161e-05+1.468617919734133386e-05j), (-5.216006979166468787e-07+7.866368405849235054e-08j), (-5.426781440270426388e-09+3.568410771580139304e-08j), (-5.216006979166468787e-07+7.866368405849235054e-08j), (-2.444803486376398254e-05+1.551890108229295829e-05j), (-2.312204915976698981e-08+6.425111792011765150e-09j), (-5.426781440270426388e-09+3.568410771580139304e-08j), (-2.312204915976698981e-08+6.425111792011765150e-09j), (-4.004323902195707310e-04+3.338152009821259629e-05j)
 (-2.669144447123167623e-05+1.359182473315131722e-05j), (-5.237208299386246548e-07+7.184406159978314411e-08j), (1.231315764967755567e-09+3.053281292179710358e-08j), (-5.237208299386246548e-07+7.184406159978314411e-08j), (-2.589675770874201978e-05+1.441652645846086639e-05j), (-2.217925114774098242e-08+3.680586877026364035e-09j), (1.231315764967755567e-09+3.053281292179710358e-08j), (-2.217925114774098242e-08+3.680586877026364035e-09j), (-4.033577914000084814e-04+3.102851955879030663e-05j)
 (-2.787650078555647145e-05+1.256624157233819282e-05j), (-5.248004699376742026e-07+6.603433656622639326e-08j), (7.843431555123188362e-09+2.567466211314828045e-08j), (-5.248004699376742026e-07+6.603433656622639326e-08j), (-2.723914110620532126e-05+1.337045735696773348e-05j), (-2.074979263518040562e-08+1.082463439094063339e-09j), (7.843431555123188362e-09+2.567466211314828045e-08j), (-2.074979263518040562e-08+1.082463439094063339e-09j), (-4.061045959372121348e-04+2.883177133423632242e-05j)
 (-2.897938317968383254e-05+1.161160897369766564e-05j), (-5.253815564857294453e-07+6.126365823062370074e-08j), (1.418605861672079857e-08+2.126484862863619892e-08j), (-5.253815564857294453e-07+6.126365823062370074e-08j), (-2.848800732770211390e-05+1.238714578441142043e-05j), (-1.895249414014071956e-08-1.239712684466178703e-09j), (1.418605861672079857e-08+2.126484862863619892e-08j), (-1.895249414014071956e-08-1.239712684466178703e-09j), (-4.087048221578939251e-04+2.679724693424402263e-05j)
 (-3.001332979661196134e-05+1.072590390772471288e-05j), (-5.259394631024279033e-07+5.744566246134676018e-08j), (2.005060540251562693e-08+1.741771383950562885e-08j), (-5.259394631024279033e-07+5.744566246134676018e-08j), (-2.965696456804014787e-05+1.146856868808707721e-05j), (-1.692623821383662596e-08-3.180990557372429564e-09j), (2.005060540251562693e-08+1.741771383950562885e-08j), (-1.692623821383662596e-08-3.180990557372429564e-09j), (-4.111919902842686367e-04+2.492108464846199415e-05j)
 (-3.098797385299228643e-05+9.903958176797492816e-06j), (-5.268511124107676681e-07+5.441690064583233230e-08j), (2.524712292952589647e-08+1.420368045693752497e-08j), (-5.268511124107676681e-07+5.441690064583233230e-08j), (-3.075753822883897008e-05+1.061260254528785405e-05j), (-1.482162496582046849e-08-4.666779115884036226e-09j), (2.524712292952589647e-08+1.420368045693752497e-08j), (-1.482162496582046849e-08-4.666779115884036226e-09j), (-4.135935669420957774e-04+2.319009450347055663e-05j)
 (-3.190842356168630120e-05+9.139058817469175244e-06j), (-5.283772035560638841e-07+5.197674602425140156e-08j), (2.961174833629174691e-08+1.164865443013791166e-08j), (-5.283772035560638841e-07+5.197674602425140156e-08j), (-3.179725646873029371e-05+9.814303068393397578e-06j), (-1.279172079536945451e-08-5.657300100526637283e-09j), (2.961174833629174691e-08+1.164865443013791166e-08j), (-1.279172079536945451e-08-5.657300100526637283e-09j), (-4.159251578696334219e-04+2.158445335533928081e-05j)
 (-3.277572962662468592e-05+8.424588102113814148e-06j), (-5.306585569017554758e-07+4.992363890962578492e-08j), (3.301760136409420082e-08+9.735824738521834875e-09j), (-5.306585569017554758e-07+4.992363890962578492e-08j), (-3.277916575394555483e-05+9.067607099680270619e-06j), (-1.098125710148295626e-08-6.150176133247192497e-09j), (3.301760136409420082e-08+9.735824738521834875e-09j), (-1.098125710148295626e-08-6.150176133247192497e-09j), (-4.181878174667781199e-04+2.008175802347568400e-05j)
 (-3.358844160077694633e-05+7.755246520139186221e-06j), (-5.337261485116983789e-07+4.808312012224504534e-08j), (3.538615390028599053e-08+8.410410057515426931e-09j), (-5.337261485116983789e-07+4.808312012224504534e-08j), (-3.370276773548778321e-05+8.366916805792764571e-06j), (-9.514849553256580644e-09-6.179923421168973948e-09j), (3.538615390028599053e-08+8.410410057515426931e-09j), (-9.514849553256580644e-09-6.179923421168973948e-09j), (-4.203691133268113410e-04+1.866135330064583908e-05j)
 (-3.434461887449056280e-05+7.127584828905240813e-06j), (-5.375224434252605471e-07+4.632432452169249820e-08j), (3.669492410009624675e-08+7.587647572329322908e-09j), (-5.375224434252605471e-07+4.632432452169249820e-08j), (-3.456589939739334509e-05+7.708130859248809333e-06j), (-8.486095292348006552e-09-5.813348659248377184e-09j), (3.669492410009624675e-08+7.587647572329322908e-09j), (-8.486095292348006552e-09-5.813348659248377184e-09j), (-4.224475764753238597e-04+1.730781100536822102e-05j)
 (-3.504357132996346511e-05+6.539832292194573083e-06j), (-5.419289913598404298e-07+4.456400940925331968e-08j), (3.697840357372577740e-08+7.163377307671543176e-09j), (-5.419289913598404298e-07+4.456400940925331968e-08j), (-3.536679604487491513e-05+7.088925575204600947e-06j), (-7.949850784066720122e-09-5.140966513594564891e-09j), (3.697840357372577740e-08+7.163377307671543176e-09j), (-7.949850784066720122e-09-5.140966513594564891e-09j), (-4.243991414723161213e-04+1.601270966699996828e-05j)
 (-3.568679639510182605e-05+5.991241402550166921e-06j), (-5.467938053595691653e-07+4.276021123419132027e-08j), (3.632176799306365854e-08+7.025628348961056349e-09j), (-5.467938053595691653e-07+4.276021123419132027e-08j), (-3.610560288484447177e-05+6.508370785294592580e-06j), (-7.919234474689125198e-09-4.265895187019064204e-09j), (3.632176799306365854e-08+7.025628348961056349e-09j), (-7.919234474689125198e-09-4.265895187019064204e-09j), (-4.262035902698464002e-04+1.477443262361835927e-05j)
 (-3.627794424845631272e-05+5.481281710161233013e-06j), (-5.519530668210503907e-07+4.089994621795895966e-08j), (3.484954855546537280e-08+7.065316293778031617e-09j), (-5.519530668210503907e-07+4.089994621795895966e-08j), (-3.678490725010892060e-05+5.966172448193842378e-06j), (-8.367416810502556991e-09-3.292427165932999821e-09j), (3.484954855546537280e-08+7.065316293778031617e-09j), (-8.367416810502556991e-09-3.292427165932999821e-09j), (-4.278491846453686591e-04+1.359635053408780459e-05j)
 (-3.682200171231664321e-05+5.008985169671280930e-06j), (-5.572448017805268095e-07+3.898598919318428225e-08j), (3.271260403840491985e-08+7.184664408302845292e-09j), (-5.572448017805268095e-07+3.898598919318428225e-08j), (-3.740928204077011339e-05+5.461893090051225469e-06j), (-9.233003086150720165e-09-2.316236116564287066e-09j), (3.271260403840491985e-08+7.184664408302845292e-09j), (-9.233003086150720165e-09-2.316236116564287066e-09j), (-4.293345067327688841e-04+1.248419251609665430e-05j)
 (-3.732410494688474345e-05+4.572621119540284322e-06j), (-5.625157094765225605e-07+3.702665407131573403e-08j), (3.007607817169348163e-08+7.302865192889638329e-09j), (-5.625157094765225605e-07+3.702665407131573403e-08j), (-3.798417172462717451e-05+4.994422215794543797e-06j), (-1.042745681623550868e-08-1.417266199940489355e-09j), (3.007607817169348163e-08+7.302865192889638329e-09j), (-1.042745681623550868e-08-1.417266199940489355e-09j), (-4.306675645361865445e-04+1.144347902125992966e-05j)
 (-3.778843574224257924e-05+4.169731363734861668e-06j), (-5.676245908963031835e-07+3.503042006895591153e-08j), (2.710934846646642057e-08+7.359230426300847560e-09j), (-5.676245908963031835e-07+3.503042006895591153e-08j), (-3.851461079716914039e-05+4.561819028039909740e-06j), (-1.184350487488267828e-08-6.554018551713137815e-10j), (2.710934846646642057e-08+7.359230426300847560e-09j), (-1.184350487488267828e-08-6.554018551713137815e-10j), (-4.318629837271336399e-04+1.047764989365611077e-05j)
 (-3.821755722381944441e-05+3.797436251096435285e-06j), (-5.724459757891373237e-07+3.300512692210678485e-08j), (2.397748565263319087e-08+7.314316939183069442e-09j), (-5.724459757891373237e-07+3.300512692210678485e-08j), (-3.900423681910216475e-05+4.161499815984541710e-06j), (-1.336419695403092938e-08-6.851660672276721146e-11j), (2.397748565263319087e-08+7.314316939183069442e-09j), (-1.336419695403092938e-08-6.851660672276721146e-11j), (-4.329383991051473216e-04+9.587162190103507153e-06j)
 (-3.861235410596719356e-05+3.452855348390019526e-06j), (-5.768758252215658301e-07+3.095997112610578342e-08j), (2.083326553253142425e-08+7.149353522946024321e-09j), (-5.768758252215658301e-07+3.095997112610578342e-08j), (-3.945489471940981298e-05+3.790636191330667966e-06j), (-1.487260678349811137e-08+3.275017305870694260e-10j), (2.083326553253142425e-08+7.149353522946024321e-09j), (-1.487260678349811137e-08+3.275017305870694260e-10j), (-4.339110647027735615e-04+8.769519718611967979e-06j)
 (-3.897252001880597595e-05+3.133478876582915128e-06j), (-5.808386832631703232e-07+2.890800526925419282e-08j), (1.780934279825069923e-08+6.864071392107799350e-09j), (-5.808386832631703232e-07+2.890800526925419282e-08j), (-3.986689093132593455e-05+3.446586928662717070e-06j), (-1.626182329849996939e-08+5.369456210567666816e-10j), (1.780934279825069923e-08+6.864071392107799350e-09j), (-1.626182329849996939e-08+5.369456210567666816e-10j), (-4.347954090058574216e-04+8.019995656702112169e-06j)
 (-3.929735252356173348e-05+2.837373774353890029e-06j), (-5.842937688443633207e-07+2.686728214551554759e-08j), (1.501120949422896617e-08+6.473046937829078248e-09j), (-5.842937688443633207e-07+2.686728214551554759e-08j), (-4.023972293563662591e-05+3.127208210419051155e-06j), (-1.744418245072118568e-08+5.808239931465600566e-10j), (1.501120949422896617e-08+6.473046937829078248e-09j), (-1.744418245072118568e-08+5.808239931465600566e-10j), (-4.356019038981414271e-04+7.332712523265422764e-06j)
 (-3.958654334096264578e-05+2.563189389171167808e-06j), (-5.872372201370962895e-07+2.485987127526213404e-08j), (1.251226163972042271e-08+6.000935470410986387e-09j), (-5.872372201370962895e-07+2.485987127526213404e-08j), (-4.057296565864009082e-05+2.830959979184502691e-06j), (-1.835821777053190702e-08+4.920539203936502493e-10j), (1.251226163972042271e-08+6.000935470410986387e-09j), (-1.835821777053190702e-08+4.920539203936502493e-10j), (-4.363372469201870084e-04+6.701728322071253012e-06j)
 (-3.984070946835816494e-05+2.310006506367435271e-06j), (-5.896990136453215397e-07+2.290914369598839374e-08j), (1.035224335868663850e-08+5.477302594810219722e-09j), (-5.896990136453215397e-07+2.290914369598839374e-08j), (-4.086699364354400281e-05+2.556816294430543721e-06j), (-1.897200279536363974e-08+3.099490496732954600e-10j), (1.035224335868663850e-08+5.477302594810219722e-09j), (-1.897200279536363974e-08+3.099490496732954600e-10j), (-4.370055198006801678e-04+6.121838156353810227e-06j)
 (-4.006155600564501626e-05+2.077117379262440905e-06j), (-5.917350422649843492e-07+2.103644262548045111e-08j), (8.539589067875041735e-09+4.931894034803183436e-09j), (-5.917350422649843492e-07+2.103644262548045111e-08j), (-4.112334044680957055e-05+2.304055343943931817e-06j), (-1.928241277686851566e-08+7.485525340393122159e-11j), (8.539589067875041735e-09+4.931894034803183436e-09j), (-1.928241277686851566e-08+7.485525340393122159e-11j), (-4.376097629014892598e-04+5.588930694811445422e-06j)
 (-4.025171233393214716e-05+1.863823417037534125e-06j), (-5.934163319344992181e-07+1.925832516462301439e-08j), (7.057161393068999147e-09+4.391021991531983963e-09j), (-5.934163319344992181e-07+1.925832516462301439e-08j), (-4.134466685419334135e-05+2.072026479505943200e-06j), (-1.931091045460310997e-08-1.762901893087115000e-10j), (7.057161393068999147e-09+4.391021991531983963e-09j), (-1.931091045460310997e-08-1.762901893087115000e-10j), (-4.381533776726097566e-04+5.099903435582465534e-06j)
 (-4.041437579870631809e-05+1.669304928982117690e-06j), (-5.948178511809652690e-07+1.758513426710389700e-08j), (5.870068197654582335e-09+3.875379981850813958e-09j), (-5.948178511809652690e-07+1.758513426710389700e-08j), (-4.153444303175273520e-05+1.859971212163211338e-06j), (-1.909721556188946789e-08-4.130235011188589884e-10j), (5.870068197654582335e-09+3.875379981850813958e-09j), (-1.909721556188946789e-08-4.130235011188589884e-10j), (-4.386409435762972982e-04+4.652278982916887442e-06j)
 (-4.055291464413285319e-05+1.492577010961804372e-06j), (-5.960089812119284482e-07+1.602106961232587854e-08j), (4.933931167160226693e-09+3.399219148107796547e-09j), (-5.960089812119284482e-07+1.602106961232587854e-08j), (-4.169650538805528682e-05+1.666934624779683773e-06j), (-1.869235306795420709e-08-6.129840434473491241e-10j), (4.933931167160226693e-09+3.399219148107796547e-09j), (-1.869235306795420709e-08-6.129840434473491241e-10j), (-4.390783175922704888e-04+4.243726848914160842e-06j)
 (-4.067054555638739406e-05+1.332514762058756903e-06j), (-5.970469441226486714e-07+1.456543793305141819e-08j), (4.202184794038661878e-09+2.970577234828275734e-09j), (-5.970469441226486714e-07+1.456543793305141819e-08j), (-4.183463527711874473e-05+1.491765371414422000e-06j), (-1.815218447366060418e-08-7.623274755764370583e-10j), (4.202184794038661878e-09+2.970577234828275734e-09j), (-1.815218447366060418e-08-7.623274755764370583e-10j), (-4.394721412332535499e-04+3.871674775573895529e-06j)
 (-4.077014255702752056e-05+1.187916114028470363e-06j), (-5.979736938675695817e-07+1.321449652058408963e-08j), (3.631512741398407772e-09+2.592183501479675895e-09j), (-5.979736938675695817e-07+1.321449652058408963e-08j), (-4.195225573393333211e-05+1.333177872616557387e-06j), (-1.753195710559250424e-08-8.552317560507245330e-10j), (3.631512741398407772e-09+2.592183501479675895e-09j), (-1.753195710559250424e-08-8.552317560507245330e-10j), (-4.398290275100672289e-04+3.533121628795136719e-06j)
 (-4.085417815356297278e-05+1.057570340511668492e-06j), (-5.988160779049846864e-07+1.196326791632824620e-08j), (3.185126479291324359e-09+2.262711222462174223e-09j), (-5.988160779049846864e-07+1.196326791632824620e-08j), (-4.205228307020850511e-05+1.189841050227142118e-06j), (-1.688199118615797194e-08-8.927617653936180620e-10j), (3.185126479291324359e-09+2.262711222462174223e-09j), (-1.688199118615797194e-08-8.927617653936180620e-10j), (-4.401547306822466967e-04+3.224680156879080258e-06j)
 (-4.092475944726548117e-05+9.403099878380708488e-07j), (-5.995884977432896604e-07+1.080685712105256007e-08j), (2.834072463265205010e-09+1.978131410685131727e-09j), (-5.995884977432896604e-07+1.080685712105256007e-08j), (-4.213711942011330407e-05+1.060461015396967057e-06j), (-1.624448855104473818e-08-8.812899003235104750e-10j), (2.834072463265205010e-09+1.978131410685131727e-09j), (-1.624448855104473818e-08-8.812899003235104750e-10j), (-4.404535501468186099e-04+2.942807108170365818e-06j)
 (-4.098370749981908984e-05+8.350375451790678273e-07j), (-6.002969103348088403e-07+9.741068082657618684e-09j), (2.557036560185655386e-09+1.732987048212917976e-09j), (-6.002969103348088403e-07+9.741068082657618684e-09j), (-4.220873920309706196e-05+9.438364531820917125e-07j), (-1.565149580596042349e-08-8.306532337495612611e-10j), (2.557036560185655386e-09+1.732987048212917976e-09j), (-1.565149580596042349e-08-8.306532337495612611e-10j), (-4.407281208917268448e-04+2.684129848293333564e-06j)
 (-4.103263554990589841e-05+7.407299358920998831e-07j), (-6.009429396813959194e-07+8.762388452659408722e-09j), (2.339202048689507454e-09+1.521453259021048081e-09j), (-6.009429396813959194e-07+8.762388452659408722e-09j), (-4.226881147949972139e-05+8.388801529241555357e-07j), (-1.512410466765654546e-08-7.522626349564227791e-10j), (2.339202048689507454e-09+1.521453259021048081e-09j), (-1.512410466765654546e-08-7.522626349564227791e-10j), (-4.409796180557024633e-04+2.445758128586797417e-06j)
 (-4.107300133575236844e-05+6.564301958911480395e-07j), (-6.015271430412257020e-07+7.867591068830105774e-09j), (2.170666504533410530e-09+1.338095457329606833e-09j), (-6.015271430412257020e-07+7.867591068830105774e-09j), (-4.231881004784959538e-05+7.446128015102383452e-07j), (-1.467290114382744181e-08-6.574099241756868962e-10j), (2.170666504533410530e-09+1.338095457329606833e-09j), (-1.467290114382744181e-08-6.574099241756868962e-10j), (-4.412082769012136635e-04+2.225482928354120362e-06j)
 (-4.110612913737666401e-05+5.812361021101873698e-07j), (-6.020509708872991393e-07+7.053241855606224570e-09j), (2.044804228790959972e-09+1.178296802793263371e-09j), (-6.020509708872991393e-07+7.053241855606224570e-09j), (-4.236008541607003098e-05+6.601417376073747504e-07j), (-1.429949087760877057e-08-5.559907278486948278e-10j), (2.044804228790959972e-09+1.178296802793263371e-09j), (-1.429949087760877057e-08-5.559907278486948278e-10j), (-4.414140405182456588e-04+2.021809946963459889e-06j)
 (-4.113321020249191507e-05+5.142922391304214783e-07j), (-6.025174550501696067e-07+6.315332654922975305e-09j), (1.956829389736473622e-09+1.038389806276591178e-09j), (-6.025174550501696067e-07+6.315332654922975305e-09j), (-4.239389554803515558e-05+5.846371853005021752e-07j), (-1.399873256468455535e-08-4.557626712939893816e-10j), (1.956829389736473622e-09+1.038389806276591178e-09j), (-1.399873256468455535e-08-4.557626712939893816e-10j), (-4.415971315995767294e-04+1.833836456406422737e-06j)
 (-4.115529429195500361e-05+4.547878840532481027e-07j), (-6.029309834039032458e-07+5.649140163878695061e-09j), (1.902698806771124393e-09+9.155743742115097494e-10j), (-6.029309834039032458e-07+5.649140163878695061e-09j), (-4.242140677508843174e-05+5.173140492541539712e-07j), (-1.376121316584060226e-08-3.621279636787922312e-10j), (1.902698806771124393e-09+9.155743742115097494e-10j), (-1.376121316584060226e-08-3.621279636787922312e-10j), (-4.417584049451288557e-04+1.661029851212814520e-06j)
 (-4.117328295535479187e-05+4.019599709721166628e-07j), (-6.032966239541831854e-07+5.049308138878067014e-09j), (1.878401473585225127e-09+8.077215119430336972e-10j), (-6.032966239541831854e-07+5.049308138878067014e-09j), (-4.244368041335135338e-05+4.574221289215478840e-07j), (-1.357554093491255188e-08-2.783206384489416742e-10j), (1.878401473585225127e-09+8.077215119430336972e-10j), (-1.357554093491255188e-08-2.783206384489416742e-10j), (-4.418994370427998370e-04+1.502984530971544723e-06j)
 (-4.118793055627562819e-05+3.550987730558686448e-07j), (-6.036193983875149145e-07+4.510087139226813770e-09j), (1.879614909926627466e-09+7.131495593541773591e-10j), (-6.036193983875149145e-07+4.510087139226813770e-09j), (-4.246165771927650206e-05+4.042439236098045507e-07j), (-1.343017863434441745e-08-2.058278570239326863e-10j), (1.879614909926627466e-09+7.131495593541773591e-10j), (-1.343017863434441745e-08-2.058278570239326863e-10j), (-4.420223969831734161e-04+1.359220496997840880e-06j)
 (-4.119985454368276022e-05+3.135535702053278059e-07j), (-6.039037596070876030e-07+4.025644046081511245e-09j), (1.901662269232769516e-09+6.304312156257769173e-10j), (-6.039037596070876030e-07+4.025644046081511245e-09j), (-4.247615044904286339e-05+3.570975872438858489e-07j), (-1.331471147665415513e-08-1.448841566765510906e-10j), (1.901662269232769516e-09+6.304312156257769173e-10j), (-1.331471147665415513e-08-1.448841566765510906e-10j), (-4.421297876731237011e-04+1.229057810344453855e-06j)
 (-4.120955311289896568e-05+2.767360783142124195e-07j), (-6.041533700965786063e-07+3.590360544024326245e-09j), (1.939675036700271791e-09+5.582592616154706104e-10j), (-6.041533700965786063e-07+3.590360544024326245e-09j), (-4.248783961537508423e-05+3.153424446518425573e-07j), (-1.322057577548163890e-08-9.492461611976590003e-11j), (1.939675036700271791e-09+5.582592616154706104e-10j), (-1.322057577548163890e-08-9.492461611976590003e-11j), (-4.422241482220749809e-04+1.111573263472919218e-06j)
 (-4.121742658167912819e-05+2.441204676945277801e-07j), (-6.043711525511790044e-07+3.199063158370274621e-09j), (1.988855378540662519e-09+4.953754619781585322e-10j), (-6.043711525511790044e-07+3.199063158370274621e-09j), (-4.249728216018963222e-05+2.783849433648927073e-07j), (-1.314134069066707774e-08-5.493935933913984224e-11j), (1.988855378540662519e-09+4.953754619781585322e-10j), (-1.314134069066707774e-08-5.493935933913984224e-11j), (-4.423077871087734148e-04+1.005628055185402566e-06j)
 (-4.122379855084779693e-05+2.152400174018426698e-07j), (-6.045595122768121523e-07+2.847156734444591183e-09j), (2.044744297206900418e-09+4.405528387567292165e-10j), (-6.045595122768121523e-07+2.847156734444591183e-09j), (-4.250492385224811877e-05+2.456834523811182814e-07j), (-1.307265081344323032e-08-2.371799593870780021e-11j), (2.044744297206900418e-09+4.405528387567292165e-10j), (-1.307265081344323032e-08-2.371799593870780021e-11j), (-4.423825904519202204e-04+9.099471380343234290e-07j)
 (-4.122893394488047676e-05+1.896814061562145873e-07j), (-6.047206133988877513e-07+2.530660221000020595e-09j), (2.103434272596706721e-09+3.926147575129357074e-10j), (-6.047206133988877513e-07+2.530660221000020595e-09j), (-4.251111612914641963e-05+2.167508093846378484e-07j), (-1.301193103235471685e-08-7.663712591670747414e-16j), (2.103434272596706721e-09+3.926147575129357074e-10j), (-1.301193103235471685e-08-7.663712591670747414e-16j), (-4.424499286096822371e-04+8.232273372820805749e-07j)
 (-4.123305264865545798e-05+1.670780271350297318e-07j), (-6.048566131835958473e-07+2.246163246319855079e-09j), (2.161703704220363612e-09+3.504724981488479590e-10j), (-6.048566131835958473e-07+2.246163246319855079e-09j), (-4.251613440514098567e-05+1.911540667758477890e-07j), (-1.295794874238247918e-08+1.743586994508038417e-11j), (2.161703704220363612e-09+3.504724981488479590e-10j), (-1.295794874238247918e-08+1.743586994508038417e-11j), (-4.425106657789163356e-04+7.442492132406223812e-07j)
 (-4.123633893685673996e-05+1.471035316243054329e-07j), (-6.049698003197714143e-07+1.990732703396026652e-09j), (2.217077613832064179e-09+3.131643515811347752e-10j), (-6.049698003197714143e-07+1.990732703396026652e-09j), (-4.252019552093581954e-05+1.685115310329539093e-07j), (-1.291032627380842696e-08+2.973290831481494594e-11j), (2.217077613832064179e-09+3.131643515811347752e-10j), (-1.291032627380842696e-08+2.973290831481494594e-11j), (-4.425652577109025470e-04+6.719678729180267072e-07j)
 (-4.123894773223606039e-05+1.294663066302740142e-07j), (-6.050626259820457499e-07+1.761800846484771412e-09j), (2.267827510511715731e-09+2.798830146351203528e-10j), (-6.050626259820457499e-07+1.761800846484771412e-09j), (-4.252347257789830840e-05+1.484877988415523076e-07j), (-1.286908985334117670e-08+3.792319837227927905e-11j), (2.267827510511715731e-09+2.798830146351203528e-10j), (-1.286908985334117670e-08+3.792319837227927905e-11j), (-4.426139037861625668e-04+6.055636256427374396e-07j)
 (-4.124100889361001737e-05+1.139050828442130219e-07j), (-6.051376492912302819e-07+1.557061352684250526e-09j), (2.312920550846439115e-09+2.499838804077062762e-10j), (-6.051376492912302819e-07+1.557061352684250526e-09j), (-4.252610630410697532e-05+1.307878317893929263e-07j), (-1.283432119019701552e-08+4.291679477006179724e-11j), (2.312920550846439115e-09+2.499838804077062762e-10j), (-1.283432119019701552e-08+4.291679477006179724e-11j), (-4.426567087811786988e-04+5.444453130064706696e-07j)
 (-4.124263048163587567e-05+1.001855336303812766e-07j), (-6.051974353744801010e-07+1.374389851044396174e-09j), (2.351925963325160968e-09+2.229736765158874055e-10j), (-6.051974353744801010e-07+1.374389851044396174e-09j), (-4.252821300512964447e-05+1.151510750979314519e-07j), (-1.280594401559535159e-08+4.549379290051814285e-11j), (2.351925963325160968e-09+2.229736765158874055e-10j), (-1.280594401559535159e-08+4.549379290051814285e-11j), (-4.426938133790090280e-04+4.882135250359889253e-07j)
 (-4.124390156757059720e-05+8.809759544297067546e-08j), (-6.052444446350110838e-07+1.211794183839203736e-09j), (2.384890314093385522e-09+1.984846923036175906e-10j), (-6.052444446350110838e-07+1.211794183839203736e-09j), (-4.252988978775973383e-05+1.013462981374322690e-07j), (-1.278364067930417613e-08+4.630406144045431123e-11j), (2.384890314093385522e-09+1.984846923036175906e-10j), (-1.278364067930417613e-08+4.630406144045431123e-11j), (-4.427254697835624072e-04+4.366013006725276788e-07j)
 (-4.124489483329078538e-05+7.745324870581156284e-08j), (-6.052809410182179348e-07+1.067390865013393087e-09j), (2.412199006580425772e-09+1.762426528672333275e-10j), (-6.052809410182179348e-07+1.067390865013393087e-09j), (-4.253121794175884079e-05+8.916742783746251466e-08j), (-1.276686638089489216e-08+4.587353490448877387e-11j), (2.412199006580425772e-09+1.762426528672333275e-10j), (-1.276686638089489216e-08+4.587353490448877387e-11j), (-4.427520607768400821e-04+3.894121242086652626e-07j)
 (-4.124566901976539765e-05+6.808456983401074424e-08j), (-6.053089326373668311e-07+9.393996747433884967e-10j), (2.434443354314261354e-09+1.560357445705519218e-10j), (-6.053089326373668311e-07+9.393996747433884967e-10j), (-4.253226527169551156e-05+7.843032715682578432e-08j), (-1.275491787644258043e-08+4.461590513818872024e-11j), (2.434443354314261354e-09+1.560357445705519218e-10j), (-1.275491787644258043e-08+4.461590513818872024e-11j), (-4.427740770242138838e-04+3.464698589839580128e-07j)
 (-4.124627119368354895e-05+5.984194119224959747e-08j), (-6.053301458581853317e-07+8.261478227453067743e-10j), (2.452308611783806713e-09+1.376895664496920740e-10j), (-6.053301458581853317e-07+8.261478227453067743e-10j), (-4.253308790763570045e-05+6.897031483390637413e-08j), (-1.274701829194105306e-08+4.284777656516380738e-11j), (2.452308611783806713e-09+1.376895664496920740e-10j), (-1.274701829194105306e-08+4.284777656516380738e-11j), (-4.427920734488658707e-04+3.075869821090377846e-07j)
 (-4.124673879039682440e-05+5.259236817819424217e-08j), (-6.053460266703732557e-07+7.260769389247235775e-10j), (2.466490767181304046e-09+1.210496837931119279e-10j), (-6.053460266703732557e-07+7.260769389247235775e-10j), (-4.253373188003364955e-05+6.064018945108315071e-08j), (-1.274239255852498902e-08+4.080516738755797696e-11j), (2.466490767181304046e-09+1.210496837931119279e-10j), (-1.274239255852498902e-08+4.080516738755797696e-11j), (-4.428066226896554963e-04+2.725503943180176087e-07j)
 (-4.124710140190424121e-05+4.621788508049208223e-08j), (-6.053577605696349936e-07+6.377487687354272650e-10j), (2.477642495030517367e-09+1.059711594824180797e-10j), (-6.053577605696349936e-07+6.377487687354272650e-10j), (-4.253423457516675524e-05+5.330857139906027994e-08j), (-1.274032173930734336e-08+3.865959807418780586e-11j), (2.477642495030517367e-09+1.059711594824180797e-10j), (-1.274032173930734336e-08+3.865959807418780586e-11j), (-4.428182767064160145e-04+2.411202101321170214e-07j)
 (-4.124738230289553783e-05+4.061405236930038841e-08j), (-6.053663026263324839e-07+5.598476653346340819e-10j), (2.486343706231123698e-09+9.231334639943023592e-11j), (-6.053663026263324839e-07+5.598476653346340819e-10j), (-4.253462608346841769e-05+4.685843473557988998e-08j), (-1.274017462857857367e-08+3.653257826338213686e-11j), (2.486343706231123698e-09+9.231334639943023592e-11j), (-1.274017462857857367e-08+3.653257826338213686e-11j), (-4.428275408215698403e-04+2.130360780346620649e-07j)
 (-4.124759972499623343e-05+3.568855190770652140e-08j), (-6.053724113545679236e-07+4.911795332792769180e-10j), (2.493090197272090877e-09+7.993804829174471010e-11j), (-6.053724113545679236e-07+4.911795332792769180e-10j), (-4.253493043199521281e-05+4.118576107489971116e-08j), (-1.274142045697467833e-08+3.450792891794111666e-11j), (2.493090197272090877e-09+7.993804829174471010e-11j), (-1.274142045697467833e-08+3.450792891794111666e-11j), (-4.428348598446720484e-04+1.880265370117576459e-07j)
 (-4.124776790360860012e-05+3.135988694468707891e-08j), (-6.053766821027726975e-07+4.306676798312121183e-10j), (2.498294034770315464e-09+6.870949995136714050e-11j), (-6.053766821027726975e-07+4.306676798312121183e-10j), (-4.253516667488293254e-05+3.619828324624393107e-08j), (-1.274362836765139368e-08+3.264181235158224543e-11j), (2.498294034770315464e-09+6.870949995136714050e-11j), (-1.274362836765139368e-08+3.264181235158224543e-11j), (-4.428406137009433170e-04+1.658184454882993095e-07j)
 (-4.124789792533413695e-05+2.755619022018957604e-08j), (-6.053795775744652484e-07+3.773463878614530926e-10j), (2.502290549865083760e-09+5.849508215614473503e-11j), (-6.053795775744652484e-07+3.773463878614530926e-10j), (-4.253534983996358303e-05+3.181430980941143504e-08j), (-1.274645898052141976e-08+3.097063632670812362e-11j), (2.502290549865083760e-09+5.849508215614473503e-11j), (-1.274645898052141976e-08+3.097063632670812362e-11j), (-4.428451194652129833e-04+1.461449392911087662e-07j)
 (-4.124799840729673119e-05+2.421414101282083255e-08j), (-6.053814543430318451e-07+3.303530186352868846e-10j), (2.505348339619254850e-09+4.916613966496315057e-11j), (-6.053814543430318451e-07+3.303530186352868846e-10j), (-4.253549172405616554e-05+2.796162944310000775e-08j), (-1.274965214209945981e-08+2.951713386564467055e-11j), (2.505348339619254850e-09+4.916613966496315057e-11j), (-1.274965214209945981e-08+2.951713386564467055e-11j), (-4.428486370725819975e-04+1.287513548019437684e-07j)
 (-4.124807603626525149e-05+2.127798740009757387e-08j), (-6.053825851263173802e-07+2.889193383840760253e-10j), (2.507680000493491992e-09+4.059856990929579664e-11j), (-6.053825851263173802e-07+2.889193383840760253e-10j), (-4.253560155471372789e-05+2.457649754987497011e-08j), (-1.275301362626426275e-08+2.829495385279626317e-11j), (2.507680000493491992e-09+4.059856990929579664e-11j), (-1.275301362626426275e-08+2.829495385279626317e-11j), (-4.428513767022550750e-04+1.133991499097108241e-07j)
 (-4.124813599541566202e-05+1.869866920316509873e-08j), (-6.053831770490248066e-07+2.523626404067000149e-10j), (2.509452281476079067e-09+3.267306576535184796e-11j), (-6.053831770490248066e-07+2.523626404067000149e-10j), (-4.253568652856175422e-05+2.160270820789703167e-08j), (-1.275640241372322028e-08+2.731209315729805177e-11j), (2.509452281476079067e-09+3.267306576535184796e-11j), (-1.275640241372322028e-08+2.731209315729805177e-11j), (-4.428535065060124759e-04+9.986812744769897519e-08j)
 (-4.124818229760110933e-05+1.643303438215935203e-08j), (-6.053833863324112370e-07+2.200769924663104813e-10j), (2.510795088089570024e-09+2.527499541404008087e-11j), (-6.053833863324112370e-07+2.200769924663104813e-10j), (-4.253575224559250263e-05+1.899074925735114890e-08j), (-1.275971937972579623e-08+2.657344035432474471e-11j), (2.510795088089570024e-09+2.527499541404008087e-11j), (-1.275971937972579623e-08+2.657344035432474471e-11j), (-4.428551599129028804e-04+8.795734359230033328e-08j)
