 (9.243170116648260030e-17+2.433154008535400752e-12j), (4.744925420610044796e-20-3.727418185108112463e-16j), (9.940648975233923532e-21+1.240528859077775420e-17j), (4.744925420610044796e-20-3.727418185108112463e-16j), (9.222776547757607639e-17+2.444236347658042474e-12j), (7.869194377629858771e-20+8.335365858176796263e-16j), (9.940648975233923532e-21+1.240528859077775420e-17j), (7.869194377629858771e-20+8.335365858176796263e-16j), (6.935598928095382884e-17+3.213234450205271832e-12j)
 (3.658234456044985081e-17+3.678381571506571536e-12j), (6.040736790066404379e-20-5.635017885273798624e-16j), (1.173161393210094255e-20+1.875406174418690790e-17j), (6.040736790066404379e-20-5.635017885273798624e-16j), (3.613736754527620297e-17+3.695135575514519887e-12j), (1.923836756952535590e-19+1.260119492102224527e-15j), (1.173161393210094255e-20+1.875406174418690790e-17j), (1.923836756952535590e-19+1.260119492102224527e-15j), (-1.607767549936801532e-17+4.857687731430143799e-12j)
 (-9.105933166721703676e-17+5.560885554622051409e-12j), (9.003699137811378425e-20-8.518879544829098586e-16j), (1.581371194604645269e-20+2.835201091731179466e-17j), (9.003699137811378425e-20-8.518879544829098586e-16j), (-9.205519790328286519e-17+5.586213840190190148e-12j), (4.522745130302404591e-19+1.905016747549733868e-15j), (1.581371194604645269e-20+2.835201091731179466e-17j), (4.522745130302404591e-19+1.905016747549733868e-15j), (-2.113316093990447818e-16+7.343731201243610452e-12j)
 (-3.827797578035083405e-16+8.406808133387267220e-12j), (1.577761018910160234e-19-1.287862966780917633e-15j), (2.511727587622251928e-20+4.286198666648769513e-17j), (1.577761018910160234e-19-1.287862966780917633e-15j), (-3.850346654474997044e-16+8.445098804011764726e-12j), (1.046404165830162005e-18+2.879956223370206518e-15j), (2.511727587622251928e-20+4.286198666648769513e-17j), (1.046404165830162005e-18+2.879956223370206518e-15j), (-6.575749691135641464e-16+1.110206972090857649e-11j)
 (-1.049496228202489001e-15+1.270920289510277176e-11j), (3.126242266020937561e-19-1.946959107587327445e-15j), (4.633024945108894115e-20+6.479783972259954730e-17j), (3.126242266020937561e-19-1.946959107587327445e-15j), (-1.054628623813623597e-15+1.276708977613329333e-11j), (2.404600967754767570e-18+4.353845473233747890e-15j), (4.633024945108894115e-20+6.479783972259954730e-17j), (2.404600967754767570e-18+4.353845473233747890e-15j), (-1.677444340555173983e-15+1.678383212203054802e-11j)
 (-2.573252581887251979e-15+1.921345588170340993e-11j), (6.665738865591804091e-19-2.943364173311173644e-15j), (9.472538324159522620e-20+9.795994299879643361e-17j), (6.665738865591804091e-19-2.943364173311173644e-15j), (-2.584961368088497977e-15+1.930096782445075153e-11j), (5.509314408030122387e-18+6.582035147166734318e-15j), (9.472538324159522620e-20+9.795994299879643361e-17j), (5.509314408030122387e-18+6.582035147166734318e-15j), (-4.008313294976846187e-15+2.537337859985169301e-11j)
 (-6.055742492488834475e-15+2.904642285352002244e-11j), (1.475589154144102897e-18-4.449704342362246065e-15j), (2.051900060788410609e-19+1.480936118260607180e-16j), (1.475589154144102897e-18-4.449704342362246065e-15j), (-6.082481376408091406e-15+2.917872122385198054e-11j), (1.260602417288356936e-17+9.950559341037798426e-15j), (2.051900060788410609e-19+1.480936118260607180e-16j), (1.260602417288356936e-17+9.950559341037798426e-15j), (-9.335421347364873549e-15+3.835883987360550969e-11j)
 (-1.401484655222348805e-14+4.391165530423700896e-11j), (3.324681230827196017e-18-6.726951272318227071e-15j), (4.574298364391321721e-19+2.238845193866771886e-16j), (3.324681230827196017e-18-6.726951272318227071e-15j), (-1.407593618398281791e-14+4.411166067166889183e-11j), (2.882687603802397198e-17+1.504301930123783692e-14j), (4.574298364391321721e-19+2.238845193866771886e-16j), (2.882687603802397198e-17+1.504301930123783692e-14j), (-2.151032009295052794e-14+5.798993319248740845e-11j)
 (-3.220508742604305332e-14+6.638453662065763000e-11j), (7.550895654287741108e-18-1.016963439026971662e-14j), (1.033564291211498613e-18+3.384636671093747775e-16j), (7.550895654287741108e-18-1.016963439026971662e-14j), (-3.234468442492274135e-14+6.668689971199517381e-11j), (6.590145925984354395e-17+2.274170423507232865e-14j), (1.033564291211498613e-18+3.384636671093747775e-16j), (6.590145925984354395e-17+2.274170423507232865e-14j), (-4.933558437922733055e-14+8.766771922597478422e-11j)
 (-7.377820580999615844e-14+1.003584558274144296e-10j), (1.721003818480447523e-17-1.537418993345725852e-14j), (2.349745679697750650e-18+5.116830396953176696e-16j), (1.721003818480447523e-17-1.537418993345725852e-14j), (-7.409722848744859024e-14+1.008155606830591151e-10j), (1.506376332073855520e-16+3.438048963207955365e-14j), (2.349745679697750650e-18+5.116830396953176696e-16j), (1.506376332073855520e-16+3.438048963207955365e-14j), (-1.129291516606407281e-13+1.325338167241592603e-10j)
 (-1.687919626085637473e-13+1.517193020837266706e-10j), (3.928608631509626132e-17-2.324228321265019526e-14j), (5.356951766263860677e-18+7.735576308321108197e-16j), (3.928608631509626132e-17-2.324228321265019526e-14j), (-1.695210557894002708e-13+1.524103413664005086e-10j), (3.443038410193717243e-16+5.197607601014904523e-14j), (5.356951766263860677e-18+7.735576308321108197e-16j), (3.443038410193717243e-16+5.197607601014904523e-14j), (-2.582697006671723050e-13+2.003611276904569934e-10j)
 (-3.859419331612941796e-13+2.293650800751549764e-10j), (8.974064545597592552e-17-3.513698754138939102e-14j), (1.222837634346525387e-17+1.169475266235445800e-15j), (8.974064545597592552e-17-3.513698754138939102e-14j), (-3.876082256187823290e-13+2.304097745058236275e-10j), (7.869250286085297847e-16+7.857788305521741147e-14j), (1.222837634346525387e-17+1.169475266235445800e-15j), (7.869250286085297847e-16+7.857788305521741147e-14j), (-5.904391257452195106e-13+3.029002930414880612e-10j)
 (-8.822275390503528155e-13+3.467471022170420717e-10j), (2.050528474937998285e-16-5.311881883981443133e-14j), (2.793025830727355500e-17+1.768094809101689598e-15j), (2.050528474937998285e-16-5.311881883981443133e-14j), (-8.860357559584781088e-13+3.483264399280813380e-10j), (1.798510214032455465e-15+1.187980910801548619e-13j), (2.793025830727355500e-17+1.768094809101689598e-15j), (1.798510214032455465e-15+1.187980910801548619e-13j), (-1.349594595982732669e-12+4.579148145450259698e-10j)
 (-2.016455708514847394e-12+5.241991060285810523e-10j), (4.685909573770549560e-16-8.030231546882738398e-14j), (6.381089447089889379e-17+2.673364042948086582e-15j), (4.685909573770549560e-16-8.030231546882738398e-14j), (-2.025159160936800447e-12+5.265866911461511532e-10j), (4.110357630021064588e-15+1.796166722176532511e-13j), (6.381089447089889379e-17+2.673364042948086582e-15j), (4.110357630021064588e-15+1.796166722176532511e-13j), (-3.084587343068732924e-12+6.922562636148943925e-10j)
 (-4.608616691402322194e-12+7.924555276741639662e-10j), (1.070871172812492822e-15-1.213942385603651176e-13j), (1.457975395097164854e-16+4.042958387459104289e-15j), (1.070871172812492822e-15-1.213942385603651176e-13j), (-4.628507738307650125e-12+7.960649562374769687e-10j), (9.393450645167182804e-15+2.716112849111714403e-13j), (1.457975395097164854e-16+4.042958387459104289e-15j), (9.393450645167182804e-15+2.716112849111714403e-13j), (-7.049696283910823355e-12+1.046508338038075845e-09j)
 (-1.053250733332618072e-11+1.197960570872669263e-09j), (2.447211759366414393e-15-1.835042117841138367e-13j), (3.330989969154448121e-16+6.117095173968813670e-15j), (2.447211759366414393e-15-1.835042117841138367e-13j), (-1.057796571188122888e-11+1.203416997001718684e-09j), (2.146482526182292485e-14+4.108610190339059766e-13j), (3.330989969154448121e-16+6.117095173968813670e-15j), (2.146482526182292485e-14+4.108610190339059766e-13j), (-1.611100452572298867e-11+1.581990473024188510e-09j)
 (-2.406925838024042167e-11+1.810860585583770010e-09j), (5.591998039287148710e-15-2.773598758384392557e-13j), (7.607822829843008317e-16+9.265344952249588228e-15j), (5.591998039287148710e-15-2.773598758384392557e-13j), (-2.417314207902353021e-11+1.819108721500125359e-09j), (4.903812089779175667e-14+6.219777154023017496e-13j), (7.607822829843008317e-16+9.265344952249588228e-15j), (4.903812089779175667e-14+6.219777154023017496e-13j), (-3.681609475559866657e-11+2.391286476530014507e-09j)
 (-5.499611727797844410e-11+2.736970289894690147e-09j), (1.277516311145535384e-14-4.191082219352246473e-13j), (1.736189726000521917e-15+1.406860997223976509e-14j), (1.277516311145535384e-14-4.191082219352246473e-13j), (-5.523348872560169274e-11+2.749437014992118219e-09j), (1.119757610327976613e-13+9.432169725127567193e-13j), (1.736189726000521917e-15+1.406860997223976509e-14j), (1.119757610327976613e-13+9.432169725127567193e-13j), (-8.411489369077719322e-11+3.613957012902787200e-09j)
 (-1.256214721890730911e-10+4.135461550114745858e-09j), (2.917052318433724005e-14-6.329158448198216224e-13j), (3.954611072003804899e-15+2.148148792430484936e-14j), (2.917052318433724005e-14-6.329158448198216224e-13j), (-1.261637099908980307e-10+4.154299453463387695e-09j), (2.554008299261983810e-13+1.436020728924172481e-12j), (3.954611072003804899e-15+2.148148792430484936e-14j), (2.554008299261983810e-13+1.436020728924172481e-12j), (-1.921001485914038384e-10+5.459589076231767759e-09j)
 (-2.867367752374912467e-10+6.244224970832564508e-09j), (6.652975106249004791e-14-9.544782989692059477e-13j), (8.967814282444286394e-15+3.320793760811607573e-14j), (6.652975106249004791e-14-9.544782989692059477e-13j), (-2.879746527964170019e-10+6.272672664232046133e-09j), (5.810305221707685633e-13+2.205643479222964496e-12j), (8.967814282444286394e-15+3.320793760811607573e-14j), (5.810305221707685633e-13+2.205643479222964496e-12j), (-4.383004358192221531e-10+8.240224889541246018e-09j)
 (-6.534192283486721355e-10+9.413499827831190004e-09j), (1.513336838754217131e-13-1.434893472424274223e-12j), (2.013012554134296114e-14+5.269922879822322535e-14j), (1.513336838754217131e-13-1.434893472424274223e-12j), (-6.562411337494953266e-10+9.456399702603185825e-09j), (1.314062713067748527e-12+3.453178405762110581e-12j), (2.013012554134296114e-14+5.269922879822322535e-14j), (1.314062713067748527e-12+3.453178405762110581e-12j), (-9.978881661363521346e-10+1.241116694534715757e-08j)
 (-1.483498365747921357e-09+1.414087662015872512e-08j), (3.421709552634307527e-13-2.141761410278736077e-12j), (4.414256662281722774e-14+8.800121699966873436e-14j), (3.421709552634307527e-13-2.141761410278736077e-12j), (-1.489910345475783601e-09+1.420536624179654440e-08j), (2.932197651970489443e-12+5.621781809158232875e-12j), (4.414256662281722774e-14+8.800121699966873436e-14j), (2.932197651970489443e-12+5.621781809158232875e-12j), (-2.260873957723458469e-09+1.860526836765497458e-08j)
 (-3.340052261660721000e-09+2.107283034416379164e-08j), (7.632729003981836594e-13-3.145860808472996952e-12j), (9.172049542139535155e-14+1.596462158999588622e-13j), (7.632729003981836594e-13-3.145860808472996952e-12j), (-3.354515125949541522e-09+2.116908585915935197e-08j), (6.345389200844697039e-12+9.818169913758525724e-12j), (9.172049542139535155e-14+1.596462158999588622e-13j), (6.345389200844697039e-12+9.818169913758525724e-12j), (-5.066818241394476071e-09+2.759766228147066781e-08j)
 (-7.382726891506791174e-09+3.085376475101534748e-08j), (1.652685627442538533e-12-4.459507894375617987e-12j), (1.678051693542989895e-13+3.184220521376749631e-13j), (1.652685627442538533e-12-4.459507894375617987e-12j), (-7.414823878971389492e-09+3.099518311852554138e-08j), (1.280593522186673589e-11+1.891605830531480700e-11j), (1.678051693542989895e-13+3.184220521376749631e-13j), (1.280593522186673589e-11+1.891605830531480700e-11j), (-1.108823100210075977e-08+4.000491884068446862e-08j)
 (-1.569551214918820451e-08+4.352699855424582077e-08j), (3.361356478072459505e-12-5.863921052043580924e-12j), (2.200351517931792538e-13+6.604712216539616393e-13j), (3.361356478072459505e-12-5.863921052043580924e-12j), (-1.576432368845989775e-08+4.372790333621268028e-08j), (2.202036219992539960e-11+3.954857767476016504e-11j), (2.200351517931792538e-13+6.604712216539616393e-13j), (2.202036219992539960e-11+3.954857767476016504e-11j), (-2.310189039951981716e-08+5.530565039980704204e-08j)
 (-3.094770182759777717e-08+5.717620162940097682e-08j), (6.066445599413277469e-12-6.666205236799744965e-12j), (3.405630464452169862e-14+1.237232288829562455e-12j), (6.066445599413277469e-12-6.666205236799744965e-12j), (-3.108551313710106866e-08+5.744335502725747154e-08j), (2.542604781231071199e-11+8.160157784362962291e-11j), (3.405630464452169862e-14+1.237232288829562455e-12j), (2.542604781231071199e-11+8.160157784362962291e-11j), (-4.394258583477613752e-08+7.007274250649069486e-08j)
 (-5.390532001901009415e-08+6.691393599989807045e-08j), (9.059239124781283408e-12-5.983713465722881596e-12j), (-6.523010252310850446e-13+1.764665035098174821e-12j), (9.059239124781283408e-12-5.983713465722881596e-12j), (-5.415098759965488931e-08+6.723149335401658977e-08j), (3.697036391036576480e-13+1.442014577469180221e-10j), (-6.523010252310850446e-13+1.764665035098174821e-12j), (3.697036391036576480e-13+1.442014577469180221e-10j), (-7.269282859594514356e-08+7.785234718805216956e-08j)
 (-8.010310814285376823e-08+6.797436629191230413e-08j), (1.087348176719625334e-11-4.094119931280241053e-12j), (-1.599821309994983170e-12+1.777655794258919758e-12j), (1.087348176719625334e-11-4.094119931280241053e-12j), (-8.047677158650867088e-08+6.829979177035861731e-08j), (-6.744549356900903866e-11+1.980775765799737565e-10j), (-1.599821309994983170e-12+1.777655794258919758e-12j), (-6.744549356900903866e-11+1.980775765799737565e-10j), (-1.022072023646657906e-07+7.474908768266432560e-08j)
 (-1.026515381223384541e-07+6.143396226663968575e-08j), (1.120852314261566475e-11-2.511497993987491919e-12j), (-2.336325514139324790e-12+1.347193164852750307e-12j), (1.120852314261566475e-11-2.511497993987491919e-12j), (-1.031362437458543316e-07+6.172552548034738533e-08j), (-1.539965570100153811e-10+2.153218552069591973e-10j), (-2.336325514139324790e-12+1.347193164852750307e-12j), (-1.539965570100153811e-10+2.153218552069591973e-10j), (-1.252797061251789888e-07+6.447132678299487425e-08j)
 (-1.191292046525784749e-07+5.256907898946597514e-08j), (1.112587461222728159e-11-1.903868223473743354e-12j), (-2.692642687309652798e-12+6.737409974996267642e-13j), (1.112587461222728159e-11-1.903868223473743354e-12j), (-1.196914043119080700e-07+5.281372143350456641e-08j), (-2.291294405242642558e-10+2.050819677903373765e-10j), (-2.692642687309652798e-12+6.737409974996267642e-13j), (-2.291294405242642558e-10+2.050819677903373765e-10j), (-1.410984632087925322e-07+5.333141360097722032e-08j)
 (-1.314807947903594601e-07+4.462835003752123690e-08j), (1.137362359024625600e-11-1.824048545215939190e-12j), (-2.430528738663704810e-12+9.728983893422045340e-14j), (1.137362359024625600e-11-1.824048545215939190e-12j), (-1.320984137901926015e-07+4.483293103555565356e-08j), (-2.890380333477813287e-10+1.868293664958542697e-10j), (-2.430528738663704810e-12+9.728983893422045340e-14j), (-2.890380333477813287e-10+1.868293664958542697e-10j), (-1.525976468715463064e-07+4.413130081698038662e-08j)
 (-1.415906668839025377e-07+3.776168321304164967e-08j), (1.200910110377444333e-11-1.634587689463150901e-12j), (-1.857545565890430527e-12+2.321402019324554926e-13j), (1.200910110377444333e-11-1.634587689463150901e-12j), (-1.422536892412127566e-07+3.793283654729832185e-08j), (-3.396458012893066365e-10+1.666274597293994994e-10j), (-1.857545565890430527e-12+2.321402019324554926e-13j), (-3.396458012893066365e-10+1.666274597293994994e-10j), (-1.618495832377816097e-07+3.659312020623406731e-08j)
 (-1.498655687862540399e-07+3.158961103426198514e-08j), (1.257477912180919134e-11-9.863117399839095393e-13j), (-1.770523541884926064e-12+9.880577086756475929e-13j), (1.257477912180919134e-11-9.863117399839095393e-13j), (-1.505657452478089661e-07+3.172985132762443190e-08j), (-3.825860852136802450e-10+1.449753369684169416e-10j), (-1.770523541884926064e-12+9.880577086756475929e-13j), (-3.825860852136802450e-10+1.449753369684169416e-10j), (-1.693496853613993785e-07+3.016707867209828971e-08j)
 (-1.564824379305577891e-07+2.622321788715132837e-08j), (1.257723907890444769e-11-2.033012931071780407e-13j), (-2.452688167266244449e-12+1.615922909957270536e-12j), (1.257723907890444769e-11-2.033012931071780407e-13j), (-1.572092052558304902e-07+2.633607971273594667e-08j), (-4.177451951329503911e-10+1.230114193487601764e-10j), (-2.452688167266244449e-12+1.615922909957270536e-12j), (-4.177451951329503911e-10+1.230114193487601764e-10j), (-1.753577088891088859e-07+2.477333993753859807e-08j)
 (-1.618085069706964203e-07+2.172031090085469937e-08j), (1.218400275718612729e-11+1.121184383037517467e-13j), (-3.451082920608310664e-12+1.496574527083073165e-12j), (1.218400275718612729e-11+1.121184383037517467e-13j), (-1.625553862422566236e-07+2.181443342471303840e-08j), (-4.449692094577029354e-10+1.027470586257467937e-10j), (-3.451082920608310664e-12+1.496574527083073165e-12j), (-4.449692094577029354e-10+1.027470586257467937e-10j), (-1.801964880781991978e-07+2.031341337805684792e-08j)
 (-1.661658371547837284e-07+1.798478902981773108e-08j), (1.198680592037434539e-11-3.210071597511342700e-14j), (-3.995670257893246414e-12+6.549051016851576299e-13j), (1.198680592037434539e-11-3.210071597511342700e-14j), (-1.669324812096330576e-07+1.806307303883131999e-08j), (-4.661683290445528938e-10+8.663668707539118413e-11j), (-3.995670257893246414e-12+6.549051016851576299e-13j), (-4.661683290445528938e-10+8.663668707539118413e-11j), (-1.841222266933882763e-07+1.665679180596658412e-08j)
 (-1.697467124259824566e-07+1.486250082638984434e-08j), (1.213210363975194515e-11-1.549778542882832044e-13j), (-3.748833130594623227e-12-1.860841712496049692e-13j), (1.213210363975194515e-11-1.549778542882832044e-13j), (-1.705259675849028395e-07+1.492638562752774488e-08j), (-4.845692936650290037e-10+7.422601646940761322e-11j), (-3.748833130594623227e-12-1.860841712496049692e-13j), (-4.845692936650290037e-10+7.422601646940761322e-11j), (-1.873225202137998461e-07+1.365398202725419523e-08j)
 (-1.726722121341777752e-07+1.228215064878186697e-08j), (1.228887507107176089e-11-1.007972157516419554e-13j), (-3.195279631050193959e-12-3.531651532737575357e-13j), (1.228887507107176089e-11-1.007972157516419554e-13j), (-1.734627953484139206e-07+1.234067009200199415e-08j), (-5.009877493389438795e-10+6.321431946715826366e-11j), (-3.195279631050193959e-12-3.531651532737575357e-13j), (-5.009877493389438795e-10+6.321431946715826366e-11j), (-1.899277716419325431e-07+1.121322615213389041e-08j)
 (-1.751189804286314954e-07+1.014143882413720856e-08j), (1.227838224271567801e-11-3.983720457553248398e-14j), (-3.046785845107667140e-12+2.183453451176650826e-14j), (1.227838224271567801e-11-3.983720457553248398e-14j), (-1.759259631194567733e-07+1.019195713500120705e-08j), (-5.144852968620804198e-10+5.258680401659083216e-11j), (-3.046785845107667140e-12+2.183453451176650826e-14j), (-5.144852968620804198e-10+5.258680401659083216e-11j), (-1.921058788886879834e-07+9.219132297896605949e-09j)
 (-1.771023043114154855e-07+8.252802518739450298e-09j), (1.222966515948215711e-11-9.712880366168124819e-14j), (-3.485090366780306112e-12+3.241745560286075888e-13j), (1.222966515948215711e-11-9.712880366168124819e-14j), (-1.779148503256432994e-07+8.288750482859304481e-09j), (-5.242135393067481421e-10+4.276279934509571555e-11j), (-3.485090366780306112e-12+3.241745560286075888e-13j), (-5.242135393067481421e-10+4.276279934509571555e-11j), (-1.938794228829700214e-07+7.483181473688023158e-09j)
