 (9.642793661674280587e-07+2.945303341512922277e-11j), (-3.440586152375783508e-11+5.444056915437032214e-15j), (1.063495645640980742e-10+2.909378239154767052e-14j), (-3.440586152375783508e-11+5.444056915437032214e-15j), (9.403218716473965489e-07+2.888563234260585242e-11j), (-1.551365839126361561e-08-2.162311267314483409e-12j), (1.063495645640980742e-10+2.909378239154767052e-14j), (-1.551365839126361561e-08-2.162311267314483409e-12j), (4.314236386916126679e-07+3.725752000590881502e-11j)
 (9.642793621871010197e-07+4.452636087626982626e-11j), (-3.440586407349308221e-11+8.230188616496729444e-15j), (1.063495513158513228e-10+4.398324881685787034e-14j), (-3.440586407349308221e-11+8.230188616496729444e-15j), (9.403218675965410997e-07+4.366857801958603037e-11j), (-1.551365775713050044e-08-3.268927946723640501e-12j), (1.063495513158513228e-10+4.398324881685787034e-14j), (-1.551365775713050044e-08-3.268927946723640501e-12j), (4.314236258149439531e-07+5.632498421867044283e-11j)
 (9.642793530902085705e-07+6.731383961210990280e-11j), (-3.440586990092899272e-11+1.244219072331189388e-14j), (1.063495210384465935e-10+6.649275606663305968e-14j), (-3.440586990092899272e-11+1.244219072331189388e-14j), (9.403218583384581749e-07+6.601706466536668174e-11j), (-1.551365630789356665e-08-4.941882864252313847e-12j), (1.063495210384465935e-10+6.649275606663305968e-14j), (-1.551365630789356665e-08-4.941882864252313847e-12j), (4.314235963858527857e-07+8.515068740812569309e-11j)
 (9.642793322995932390e-07+1.017633751457448385e-10j), (-3.440588321951818184e-11+1.880978230336249645e-14j), (1.063494518427195359e-10+1.005220120622005475e-13j), (-3.440588321951818184e-11+1.880978230336249645e-14j), (9.403218371794486269e-07+9.980294239037278030e-11j), (-1.551365299579755626e-08-7.471012362455345415e-12j), (1.063494518427195359e-10+1.005220120622005475e-13j), (-1.551365299579755626e-08-7.471012362455345415e-12j), (4.314235291268734367e-07+1.287286189143230509e-10j)
 (9.642792847834125669e-07+1.538433008675525071e-10j), (-3.440591365901844532e-11+2.843611999328784237e-14j), (1.063492937035977728e-10+1.519664043384710065e-13j), (-3.440591365901844532e-11+2.843611999328784237e-14j), (9.403217888213193228e-07+1.508795650172251584e-10j), (-1.551364542625756338e-08-1.129448022458410211e-11j), (1.063492937035977728e-10+1.519664043384710065e-13j), (-1.551364542625756338e-08-1.129448022458410211e-11j), (4.314233754093324785e-07+1.946084836196093545e-10j)
 (9.642791761869984892e-07+2.325763537762507609e-10j), (-3.440598322791620366e-11+4.298887860435638808e-14j), (1.063489322946491566e-10+2.297381081629576613e-13j), (-3.440598322791620366e-11+4.298887860435638808e-14j), (9.403216783006795348e-07+2.280958432223605763e-10j), (-1.551362812659665394e-08-1.707467917025130760e-11j), (1.063489322946491566e-10+2.297381081629576613e-13j), (-1.551362812659665394e-08-1.707467917025130760e-11j), (4.314230240951693850e-07+2.942034479437756057e-10j)
 (9.642789279943407928e-07+3.516027423410266616e-10j), (-3.440614222534009959e-11+6.498903534244092131e-14j), (1.063481063371970281e-10+3.473091990442555112e-13j), (-3.440614222534009959e-11+6.498903534244092131e-14j), (9.403214257103625133e-07+3.448291885392863550e-10j), (-1.551358858943936232e-08-2.581295523760725194e-11j), (1.063481063371970281e-10+3.473091990442555112e-13j), (-1.551358858943936232e-08-2.581295523760725194e-11j), (4.314222211875801490e-07+4.447666531140863069e-10j)
 (9.642783607617164895e-07+5.315429086111795134e-10j), (-3.440650560473788341e-11+9.824714768392491140e-14j), (1.063462187240282184e-10+5.250425000604048659e-13j), (-3.440650560473788341e-11+9.824714768392491140e-14j), (9.403208484275116611e-07+5.213027164176640574e-10j), (-1.551349823069923150e-08-3.902297055704519622e-11j), (1.063462187240282184e-10+5.250425000604048659e-13j), (-1.551349823069923150e-08-3.902297055704519622e-11j), (4.314203862131676518e-07+6.723775155809344266e-10j)
 (9.642770643862885749e-07+8.035686468809710861e-10j), (-3.440733606928815797e-11+1.485218758416843231e-13j), (1.063419049543406116e-10+7.937083969159281143e-13j), (-3.440733606928815797e-11+1.485218758416843231e-13j), (9.403195290850842783e-07+7.880874257621684775e-10j), (-1.551329172787414371e-08-5.899253076119014142e-11j), (1.063419049543406116e-10+7.937083969159281143e-13j), (-1.551329172787414371e-08-5.899253076119014142e-11j), (4.314161926624048432e-07+1.016450319924200600e-09j)
 (9.642741016414582545e-07+1.214798908401609834e-09j), (-3.440923391926665308e-11+2.245119593487007050e-13j), (1.063320473707186420e-10+1.199777592318888872e-12j), (-3.440923391926665308e-11+2.245119593487007050e-13j), (9.403165138626941585e-07+1.191393561829822875e-09j), (-1.551281981675796136e-08-8.917851738658991560e-11j), (1.063320473707186420e-10+1.199777592318888872e-12j), (-1.551281981675796136e-08-8.917851738658991560e-11j), (4.314066095840949722e-07+1.536529398896133348e-09j)
 (9.642673307836082789e-07+1.836446945289427746e-09j), (-3.441357060896829249e-11+3.393435669993623391e-13j), (1.063095252259577578e-10+1.813340049006110439e-12j), (-3.441357060896829249e-11+3.393435669993623391e-13j), (9.403096231355344727e-07+1.801059103342126180e-09j), (-1.551174150594050231e-08-1.348008572846737291e-10j), (1.063095252259577578e-10+1.813340049006110439e-12j), (-1.551174150594050231e-08-1.348008572846737291e-10j), (4.313847137036784831e-07+2.322490112131130123e-09j)
 (9.642518582610668688e-07+2.776102079590454317e-09j), (-3.442347789964308151e-11+5.127763974322264051e-13j), (1.062580883278640586e-10+2.739791999981630294e-12j), (-3.442347789964308151e-11+5.127763974322264051e-13j), (9.402938770019043876e-07+2.722589042024006805e-09j), (-1.550927823898603750e-08-2.037298452437792625e-10j), (1.062580883278640586e-10+2.739791999981630294e-12j), (-1.550927823898603750e-08-2.037298452437792625e-10j), (4.313347022434869215e-07+3.509712773696212319e-09j)
 (9.642165069610384656e-07+4.196176568982208542e-09j), (-3.444609955830459624e-11+7.743924775137178812e-13j), (1.061407237100871015e-10+4.136524956624887363e-12j), (-3.444609955830459624e-11+7.743924775137178812e-13j), (9.402579021779788703e-07+4.115226585849884706e-09j), (-1.550365466259645955e-08-3.077909841381332980e-10j), (1.061407237100871015e-10+4.136524956624887363e-12j), (-1.550365466259645955e-08-3.077909841381332980e-10j), (4.312205633784344654e-07+5.301169971786664501e-09j)
 (9.641357681166287644e-07+6.341377948751179831e-09j), (-3.449769085019862057e-11+1.167913611695232108e-12j), (1.058734990800464769e-10+6.234808251620740015e-12j), (-3.449769085019862057e-11+1.167913611695232108e-12j), (9.401757476893656220e-07+6.218826513888383413e-09j), (-1.549083416006882833e-08-4.646121325587391280e-10j), (1.058734990800464769e-10+6.234808251620740015e-12j), (-1.549083416006882833e-08-4.646121325587391280e-10j), (4.309605384421280458e-07+7.997900029205999864e-09j)
 (9.639515305655411784e-07+9.578813254082599683e-09j), (-3.461503085159825336e-11+1.756007605887121296e-12j), (1.052680031530128062e-10+9.361578129246426498e-12j), (-3.461503085159825336e-11+1.756007605887121296e-12j), (9.399883234909751237e-07+9.392948686800417901e-09j), (-1.546169938012898744e-08-6.999898713944013326e-10j), (1.052680031530128062e-10+9.361578129246426498e-12j), (-1.546169938012898744e-08-6.999898713944013326e-10j), (4.303705870241994867e-07+1.203520594165104460e-08j)
 (9.635319608462999086e-07+1.445373682235984875e-08j), (-3.488025419481643203e-11+2.621752991302890891e-12j), (1.039109968095902674e-10+1.393541945043325815e-11j), (-3.488025419481643203e-11+2.621752991302890891e-12j), (9.395617216151989971e-07+1.417073127586840391e-08j), (-1.539596639159170599e-08-1.050051753206834527e-09j), (1.039109968095902674e-10+1.393541945043325815e-11j), (-1.539596639159170599e-08-1.050051753206834527e-09j), (4.290444393751170553e-07+1.800489313040551034e-08j)
 (9.625807987527830788e-07+2.175737216779816355e-08j), (-3.547125529141262343e-11+3.851941744480421322e-12j), (1.009434493271711254e-10+2.034773837158796415e-11j), (-3.547125529141262343e-11+3.851941744480421322e-12j), (9.385957532437898994e-07+2.132280760176652689e-08j), (-1.525003290623024146e-08-1.560060083341355172e-09j), (1.009434493271711254e-10+2.034773837158796415e-11j), (-1.525003290623024146e-08-1.560060083341355172e-09j), (4.261244258897432778e-07+2.658859009879715441e-08j)
 (9.604465206113400244e-07+3.257569204707050208e-08j), (-3.674595699815874902e-11+5.455097342049548024e-12j), (9.479264020363589377e-11+2.849385582705437609e-11j), (-3.674595699815874902e-11+5.455097342049548024e-12j), (9.364337507254758570e-07+3.189737798669852455e-08j), (-1.493718983246884178e-08-2.270119326264408232e-09j), (9.479264020363589377e-11+2.849385582705437609e-11j), (-1.493718983246884178e-08-2.270119326264408232e-09j), (4.199767322048994767e-07+3.819184635260212686e-08j)
 (9.557651264093576193e-07+4.820013659138574310e-08j), (-3.929871444543587791e-11+7.101996670797206712e-12j), (8.339383836643694136e-11+3.662937285671142551e-11j), (-3.929871444543587791e-11+7.101996670797206712e-12j), (9.317158916028734286e-07+4.711361662327571870e-08j), (-1.431297678984930414e-08-3.167961810909060622e-09j), (8.339383836643694136e-11+3.662937285671142551e-11j), (-1.431297678984930414e-08-3.167961810909060622e-09j), (4.081635757408502418e-07+5.193907739291412034e-08j)
 (9.459836278613245430e-07+6.957993261543626892e-08j), (-4.362699826643181321e-11+7.617314692982556192e-12j), (6.635322126262068132e-11+4.027311837532684118e-11j), (-4.362699826643181321e-11+7.617314692982556192e-12j), (9.219483394232355005e-07+6.779868379227947892e-08j), (-1.322150699846686132e-08-4.104786448745478810e-09j), (6.635322126262068132e-11+4.027311837532684118e-11j), (-1.322150699846686132e-08-4.104786448745478810e-09j), (3.889252225287433848e-07+6.438116939956392063e-08j)
 (9.274209460895848179e-07+9.588092419158682117e-08j), (-4.871494162790846170e-11+5.081499068627437293e-12j), (4.856173459271994258e-11+3.501250082261907266e-11j), (-4.871494162790846170e-11+5.081499068627437293e-12j), (9.036547408173843166e-07+9.300889435502140105e-08j), (-1.166412104557654328e-08-4.781201521388435211e-09j), (4.856173459271994258e-11+3.501250082261907266e-11j), (-1.166412104557654328e-08-4.781201521388435211e-09j), (3.644036771572235605e-07+7.071914972769685496e-08j)
 (8.975516242853532785e-07+1.229945031312337470e-07j), (-5.138258733400588484e-11+1.605294528132901188e-13j), (3.720237839664017445e-11+2.315719803131760929e-11j), (-5.138258733400588484e-11+1.605294528132901188e-13j), (8.746221249611489927e-07+1.187564037586482100e-07j), (-9.927131514381045203e-09-4.970992187875368864e-09j), (3.720237839664017445e-11+2.315719803131760929e-11j), (-9.927131514381045203e-09-4.970992187875368864e-09j), (3.404773597362707805e-07+6.988819885261153316e-08j)
 (8.588842310528900284e-07+1.460824016251360929e-07j), (-5.374811072784659596e-11-1.359346313754177617e-12j), (3.298095176797146224e-11+1.073923658868056832e-11j), (-5.374811072784659596e-11-1.359346313754177617e-12j), (8.374189387334354556e-07+1.405771536061114202e-07j), (-8.369544629225404683e-09-4.775968576797022130e-09j), (3.298095176797146224e-11+1.073923658868056832e-11j), (-8.369544629225404683e-09-4.775968576797022130e-09j), (3.209262325040895223e-07+6.581185462620746799e-08j)
 (8.166747146459722275e-07+1.659686457135468063e-07j), (-7.033532624499586871e-11-3.357321046610653569e-12j), (3.352232162359272931e-11-2.033625814967571548e-12j), (-7.033532624499586871e-11-3.357321046610653569e-12j), (7.970464751185474274e-07+1.594679330864257668e-07j), (-7.080466693032045004e-09-4.498346089660638851e-09j), (3.352232162359272931e-11-2.033625814967571548e-12j), (-7.080466693032045004e-09-4.498346089660638851e-09j), (3.050498354894726848e-07+6.251448057794582051e-08j)
 (7.707608743058081647e-07+1.874071484996512222e-07j), (-1.039397052414288010e-10-3.704641035319539352e-11j), (4.609155000861332411e-11-1.636302327367084693e-11j), (-1.039397052414288010e-10-3.704641035319539352e-11j), (7.532217139714560895e-07+1.801236202219003480e-07j), (-5.892511398866345646e-09-4.285103035821463134e-09j), (4.609155000861332411e-11-1.636302327367084693e-11j), (-5.892511398866345646e-09-4.285103035821463134e-09j), (2.905269387132928554e-07+6.129566604725851038e-08j)
 (7.164552656367024645e-07+2.104733185723110955e-07j), (-1.059022038810657581e-10-1.296506699402655642e-10j), (8.060585288646256925e-11-1.249536385022657598e-11j), (-1.059022038810657581e-10-1.296506699402655642e-10j), (7.012007690392039563e-07+2.026722340827664530e-07j), (-4.678970412520942509e-09-4.047350828325664290e-09j), (8.060585288646256925e-11-1.249536385022657598e-11j), (-4.678970412520942509e-09-4.047350828325664290e-09j), (2.760189600109117881e-07+6.168128182863160163e-08j)
 (6.522606783699900958e-07+2.304129175560948679e-07j), (-7.718793428139419449e-12-2.277608369218907910e-10j), (1.104735159721928064e-10+3.909285006994137274e-11j), (-7.718793428139419449e-12-2.277608369218907910e-10j), (6.393064805225040938e-07+2.222905565550635416e-07j), (-3.489701227726492799e-09-3.650982412476662220e-09j), (1.104735159721928064e-10+3.909285006994137274e-11j), (-3.489701227726492799e-09-3.650982412476662220e-09j), (2.612916939268795464e-07+6.336597037553688472e-08j)
 (5.808303007734145842e-07+2.434976342142718833e-07j), (1.563031010454536967e-10-2.216045678400975506e-10j), (8.484431141045000733e-11+1.207430010010490283e-10j), (1.563031010454536967e-10-2.216045678400975506e-10j), (5.703285606276047376e-07+2.350632971370031693e-07j), (-2.487277683825782010e-09-3.072255027517481557e-09j), (8.484431141045000733e-11+1.207430010010490283e-10j), (-2.487277683825782010e-09-3.072255027517481557e-09j), (2.459829665894962280e-07+6.664419574399847355e-08j)
 (5.052534233499702742e-07+2.479903194453404677e-07j), (2.609464174055896674e-10-1.044572833483163943e-10j), (-6.203101098766220052e-12+1.723906844766653541e-10j), (2.609464174055896674e-10-1.044572833483163943e-10j), (4.976133103877434234e-07+2.395298496613253242e-07j), (-1.789808708423357240e-09-2.453860661646050631e-09j), (-6.203101098766220052e-12+1.723906844766653541e-10j), (-1.789808708423357240e-09-2.453860661646050631e-09j), (2.290694184749340790e-07+7.157728644334133086e-08j)
 (4.293877353686453069e-07+2.420087144584195001e-07j), (2.597593272073768896e-10+2.528438690712981351e-11j), (-1.182871308406187273e-10+1.484362906489266776e-10j), (2.597593272073768896e-10+2.528438690712981351e-11j), (4.248138885588138128e-07+2.343450751078440553e-07j), (-1.327624811776947463e-09-1.960398271890180822e-09j), (-1.182871308406187273e-10+1.484362906489266776e-10j), (-1.327624811776947463e-09-1.960398271890180822e-09j), (2.096224932014691267e-07+7.723420088419645114e-08j)
 (3.593178272224830202e-07+2.262378824452656719e-07j), (1.999109282637843078e-10+1.107517879553091540e-10j), (-1.845209130291740432e-10+5.613405714666895861e-11j), (1.999109282637843078e-10+1.107517879553091540e-10j), (3.572175449757499299e-07+2.204275701489418454e-07j), (-9.579150837811707309e-10-1.599286725537553822e-09j), (-1.845209130291740432e-10+5.613405714666895861e-11j), (-9.579150837811707309e-10-1.599286725537553822e-09j), (1.876764619620248933e-07+8.241620734474298997e-08j)
 (2.989391508548418920e-07+2.051524891141636929e-07j), (1.170477068845257934e-10+1.550839756955242938e-10j), (-1.710089519006056951e-10-4.486831984806941247e-11j), (1.170477068845257934e-10+1.550839756955242938e-10j), (2.979722193424881008e-07+2.015514487123499572e-07j), (-6.350199542563100884e-10-1.289743644657767399e-09j), (-1.710089519006056951e-10-4.486831984806941247e-11j), (-6.350199542563100884e-10-1.289743644657767399e-09j), (1.637707840938707606e-07+8.612581513372224646e-08j)
 (2.491836221562952292e-07+1.834368148452780707e-07j), (2.572810063815743467e-11+1.565417830952497295e-10j), (-1.058528722778873123e-10-9.968429091987955780e-11j), (2.572810063815743467e-11+1.565417830952497295e-10j), (2.482558176049591308e-07+1.814505818480579532e-07j), (-3.885154666576701340e-10-9.995531267472588710e-10j), (-1.058528722778873123e-10-9.968429091987955780e-11j), (-3.885154666576701340e-10-9.995531267472588710e-10j), (1.394281351010855831e-07+8.773032538533150686e-08j)
 (2.085207369344385286e-07+1.660180013166002180e-07j), (-4.516922798928418964e-11+1.114212243130988062e-10j), (-3.743823268364957930e-11-1.019060077621703191e-10j), (-4.516922798928418964e-11+1.114212243130988062e-10j), (2.072548376121108769e-07+1.647726267992937029e-07j), (-2.265355554018593084e-10-7.546473988145864615e-10j), (-3.743823268364957930e-11-1.019060077621703191e-10j), (-2.265355554018593084e-10-7.546473988145864615e-10j), (1.162130446925009286e-07+8.850327988647940534e-08j)
 (1.719014250943803070e-07+1.553148948410286193e-07j), (-6.706619972136026653e-11+4.221752981080184106e-11j), (9.171390584550101973e-12-7.207795143246386460e-11j), (-6.706619972136026653e-11+4.221752981080184106e-11j), (1.704892263161450798e-07+1.541334054003475893e-07j), (-1.145882787107839086e-10-5.723460239589085868e-10j), (9.171390584550101973e-12-7.207795143246386460e-11j), (-1.145882787107839086e-10-5.723460239589085868e-10j), (9.364869361059494150e-08+9.019636716039647863e-08j)
 (1.350503109724116586e-07+1.491976623240497405e-07j), (-4.118591876906968608e-11-1.080100131581043666e-11j), (2.795551320540596874e-11-3.011654054053602945e-11j), (-4.118591876906968608e-11-1.080100131581043666e-11j), (1.339717887393584917e-07+1.479216652112093811e-07j), (-2.113182773741369003e-11-4.340398019776217239e-10j), (2.795551320540596874e-11-3.011654054053602945e-11j), (-2.113182773741369003e-11-4.340398019776217239e-10j), (7.052784329028226163e-08+9.335008223202803149e-08j)
 (9.660876072901041178e-08+1.446637373529954517e-07j), (-1.248206649161897286e-12-2.443683277120655595e-11j), (2.213087618976550161e-11+5.355491779497671037e-12j), (-1.248206649161897286e-12-2.443683277120655595e-11j), (9.603987704846260185e-08+1.436315440028576895e-07j), (5.621671582699779063e-11-3.102688237665105893e-10j), (2.213087618976550161e-11+5.355491779497671037e-12j), (5.621671582699779063e-11-3.102688237665105893e-10j), (4.521341381392037652e-08+9.798133009324751625e-08j)
 (5.628296170743505454e-08+1.382900964854415506e-07j), (1.963690041964496793e-11-1.177363204472256321e-11j), (4.772052166317336829e-12+2.023745194985872688e-11j), (1.963690041964496793e-11-1.177363204472256321e-11j), (5.593662898201120138e-08+1.377046740331616144e-07j), (1.034335541276074938e-10-1.846183137155228686e-10j), (4.772052166317336829e-12+2.023745194985872688e-11j), (1.034335541276074938e-10-1.846183137155228686e-10j), (1.557005389150191905e-08+1.016671180325551134e-07j)
 (1.765251068624306710e-08+1.260785481793247382e-07j), (1.645131273362736420e-11-2.296135890671899686e-13j), (-7.420374366069472872e-12+1.404456438551386280e-11j), (1.645131273362736420e-11-2.296135890671899686e-13j), (1.729268122858396625e-08+1.257940791743978535e-07j), (1.104476286050531155e-10-5.931383398873150249e-11j), (-7.420374366069472872e-12+1.404456438551386280e-11j), (1.104476286050531155e-10-5.931383398873150249e-11j), (-1.647972365144441096e-08+9.944506858168781617e-08j)
 (-1.227014771262967065e-08+1.096193248345038686e-07j), (3.868137593550717871e-12-2.874855854285731965e-12j), (-6.689705267029291127e-12-9.073918304404946991e-13j), (3.868137593550717871e-12-2.874855854285731965e-12j), (-1.264330659931695850e-08+1.094895317354831707e-07j), (8.543387148569274628e-11+5.197660301700199451e-11j), (-6.689705267029291127e-12-9.073918304404946991e-13j), (8.543387148569274628e-11+5.197660301700199451e-11j), (-4.387240324462858461e-08+9.064076222987893943e-08j)
